Index,busmap
way/16200161-150,BE
way/16200352-150,BE
way/16578954-150,BE
way/16584741-380,BE
way/19783507-150,BE
way/19783816-380,BE
way/19796807-150,BE
way/23136343-380,BE
way/23136868-380,BE
way/23136911-150,BE
way/23136959-150,BE
way/23137001-150,BE
way/23141556-380,BE
way/23142331-150,BE
way/23148423-150,BE
way/23148735-150,BE
way/23151789-380,BE
way/23151857-150,BE
way/23154962-150,BE
way/23155326-150,BE
way/23155728-150,BE
way/23157099-150,BE
way/23157445-150,BE
way/23175771-380,BE
way/23176013-380,BE
way/23177624-150,BE
way/149260065-380,BE
way/23209679-150,BE
way/23210193-150,BE
way/23299076-150,BE
way/23407689-150,BE
way/24552827-220,BE
way/25066019-150,BE
way/27874760-150,BE
way/28583497-150,BE
way/31983791-150,BE
way/32002039-380,BE
way/33119136-150,BE
way/33814285-150,BE
way/917345402-220,BE
way/35139071-150,BE
way/36040861-150,BE
way/60606465-150,BE
way/82480435-150,BE
way/82508170-150,BE
way/87238504-150,BE
way/87533387-150,BE
way/87754416-150,BE
way/87761208-380,BE
way/87763325-380,BE
way/87767333-150,BE
way/87767368-150,BE
way/87772591-380,BE
way/87772593-380,BE
way/87779917-380,BE
way/87799210-150,BE
way/87807194-380,BE
way/88032731-150,BE
way/88075501-150,BE
way/88076913-150,BE
way/88093728-150,BE
way/88174817-150,BE
way/88732606-150,BE
way/88799384-380,BE
way/90113579-380,BE
way/90992674-150,BE
way/87308370-220,BE
way/91752661-220,BE
way/92007188-220,BE
way/92015823-220,BE
way/93056461-380,BE
way/93212889-150,BE
way/94155586-220,BE
way/97728063-150,BE
way/97728065-150,BE
way/98025322-150,BE
way/98025330-150,BE
way/98410713-380,BE
way/100645863-150,BE
way/101343831-150,BE
way/102024622-150,BE
way/102178947-150,BE
way/102676544-150,BE
way/103041283-220,BE
way/102678997-220,BE
way/103455268-150,BE
way/103728343-150,BE
way/103728353-150,BE
way/103728377-150,BE
way/104310860-150,BE
way/104524889-380,BE
way/107427392-150,BE
way/107429044-150,BE
way/107432111-150,BE
way/107897716-150,BE
way/108155912-150,BE
way/108155913-150,BE
way/114082368-220,BE
way/115017366-150,BE
way/115783467-150,BE
way/120344516-150,BE
way/121085952-380,BE
way/121085954-220,BE
way/124703985-380,BE
way/127074525-150,BE
way/129169154-150,BE
way/129553981-150,BE
way/130345737-150,BE
way/130586609-150,BE
way/133963047-150,BE
way/135193936-150,BE
way/135519638-150,BE
way/135529273-150,BE
way/136822245-150,BE
way/137185687-150,BE
way/138176302-150,BE
way/138245619-150,BE
way/138276343-150,BE
way/160838303-150,BE
way/160838314-150,BE
way/160838317-150,BE
way/160838318-150,BE
way/160976810-150,BE
way/160976853-150,BE
way/161224164-220,BE
way/167844341-150,BE
way/172525072-150,BE
way/926195529-150,BE
way/181519013-150,BE
way/194445834-150,BE
way/204165052-150,BE
way/204165053-150,BE
way/204165054-150,BE
way/204328239-150,BE
way/204468261-150,BE
way/204468266-150,BE
way/204804556-150,BE
way/204940265-220,BE
way/205278766-150,BE
way/205544915-150,BE
way/205691360-150,BE
way/205691361-150,BE
way/205830400-150,BE
way/207105353-150,BE
way/207154219-150,BE
way/222047619-150,BE
way/800316655-150,BE
way/222273708-150,BE
way/222275289-150,BE
way/222279201-150,BE
way/223068807-150,BE
way/223068816-150,BE
way/223109689-150,BE
way/223109692-150,BE
way/223200939-150,BE
way/223322522-150,BE
way/223451301-150,BE
way/224877453-150,BE
way/225622587-150,BE
way/226147845-150,BE
way/226439879-150,BE
way/226445167-150,BE
way/226445170-150,BE
way/704374331-150,BE
way/226975187-150,BE
way/239441195-150,BE
way/248979583-150,BE
way/451968213-150,BE
way/457635067-380,BE
way/465152935-150,BE
way/495688586-380,BE
way/495688597-380,BE
way/585476945-150,BE
way/628833196-150,BE
way/648567655-150,BE
way/666541430-150,BE
way/693943715-150,BE
way/694070253-150,BE
way/700845073-150,BE
way/205830382-150,BE
way/1001478336-220,BE
way/1062894258-220,BE
way/25637523-400,DK
way/26314408-132,DK
way/26348584-132,DK
way/26452107-400,DK
way/26589938-132,DK
way/26931696-132,DK
way/26931725-400,DK
way/26953215-400,DK
way/27363450-132,DK
way/27363746-132,DK
way/27534623-132,DK
way/27535037-132,DK
way/27605372-132,DK
way/27688585-132,DK
way/27730861-132,DK
way/28012651-132,DK
way/28101547-132,DK
way/29456947-132,DK
way/30653149-132,DK
way/1171502182-150,DK
way/38687913-150,DK
way/42128776-400,DK
way/47360911-150,DK
way/69413930-150,DK
way/69421685-150,DK
way/1379134205-400,DK
way/69475464-150,DK
way/87313244-150,DK
way/87572083-150,DK
way/88294700-150,DK
way/93624851-400,DK
way/93790303-150,DK
way/94092311-400,DK
way/95694419-150,DK
way/95713495-400,DK
way/95840891-400,DK
way/95841929-150,DK
way/95868394-150,DK
way/95868396-400,DK
way/96556117-150,DK
way/96614312-150,DK
way/96632017-150,DK
way/97010538-400,DK
way/98030043-150,DK
way/98033206-400,DK
way/98041227-150,DK
way/98212652-400,DK
way/98216482-400,DK
way/98327565-132,DK
way/98335963-132,DK
way/98344883-150,DK
way/98348071-150,DK
way/98524305-400,DK
way/98526640-400,DK
way/98662856-132,DK
way/98763876-150,DK
way/99079504-150,DK
way/99379392-150,DK
way/99416527-150,DK
way/99420087-150,DK
way/99935739-150,DK
way/100256304-150,DK
way/100528749-150,DK
way/103575499-150,DK
way/105082490-132,DK
way/105589971-132,DK
way/108831038-150,DK
way/109068855-150,DK
way/114423216-150,DK
way/115666576-150,DK
way/116717437-132,DK
way/118245408-150,DK
way/119015529-150,DK
way/119648633-150,DK
way/119669982-132,DK
way/119677395-132,DK
way/119682338-132,DK
way/119786181-150,DK
way/120813464-132,DK
way/125669085-150,DK
way/125669089-150,DK
way/126108744-150,DK
way/126108747-150,DK
way/127264718-150,DK
way/128931694-150,DK
way/790172587-150,DK
way/131339681-132,DK
way/131339683-400,DK
way/131443963-132,DK
way/131443969-132,DK
way/131443981-132,DK
way/131547091-132,DK
way/131549492-132,DK
way/131620627-132,DK
way/131621963-132,DK
way/131818435-132,DK
way/132152046-132,DK
way/132259984-132,DK
way/132260795-132,DK
way/132263892-132,DK
way/132653860-132,DK
way/132655852-132,DK
way/132865713-132,DK
way/132871261-132,DK
way/133082281-400,DK
way/133082320-132,DK
way/133097661-132,DK
way/133097675-132,DK
way/133555504-400,DK
way/134152066-150,DK
way/134265134-132,DK
way/147072133-132,DK
way/151073920-150,DK
way/160792651-400,DK
way/165635531-132,DK
way/1101832649-400,DK
way/177555837-132,DK
way/198032046-132,DK
way/198038556-132,DK
way/198038558-132,DK
way/198614550-132,DK
way/199399847-132,DK
way/199713891-400,DK
way/202017024-150,DK
way/205340733-150,DK
way/214266451-220,DK
way/216521602-150,DK
way/234340226-132,DK
way/250212215-400,DK
way/250223259-150,DK
way/253817668-150,DK
way/253817669-150,DK
way/1290369829-400,DK
way/316459619-132,DK
way/316584037-132,DK
way/1271587268-400,DK
way/399011051-132,DK
way/456610517-150,DK
way/173208825-150,DK
way/198382724-150,DK
way/889061694-220,DK
way/981151624-150,DK
way/982644140-150,DK
way/99220741-400,DK
relation/19092929-400,DK
way/1432089357-150,DK
way/16287586-225,FR
way/22873838-225,FR
way/22873840-225,FR
way/22938964-225,FR
way/23286313-400,FR
way/23287448-400,FR
way/24020441-400,FR
way/24020601-400,FR
way/24025291-400,FR
way/24035563-225,FR
way/24849819-400,FR
way/24913871-225,FR
way/24919917-225,FR
way/24923808-225,FR
way/24990664-225,FR
way/26112209-400,FR
way/26272450-225,FR
way/26376732-225,FR
way/26376870-400,FR
way/26395237-225,FR
way/26813222-225,FR
way/27259817-400,FR
way/27259978-225,FR
way/444069687-400,FR
way/27428702-225,FR
way/27558020-225,FR
way/27768969-225,FR
way/27951432-400,FR
way/28068171-225,FR
way/28525395-225,FR
way/28706541-225,FR
way/28761900-225,FR
way/29088787-400,FR
way/30292953-400,FR
way/31420746-225,FR
way/32067290-225,FR
way/32196554-400,FR
way/32876673-225,FR
way/33113310-225,FR
way/33973725-225,FR
way/34198056-400,FR
way/34349978-225,FR
way/34387620-225,FR
way/34398164-225,FR
way/34398358-225,FR
way/34583920-225,FR
way/35206465-225,FR
way/35538714-225,FR
way/36144696-225,FR
way/36286080-225,FR
way/36805588-400,FR
way/36973630-225,FR
way/37029850-225,FR
way/38073132-225,FR
way/1311064859-225,FR
way/39389229-400,FR
way/39407602-225,FR
way/39575812-225,FR
way/40266681-225,FR
way/90038323-225,FR
way/41436841-225,FR
way/41591146-225,FR
way/442651900-400,FR
way/41829825-400,FR
way/41834104-225,FR
way/590596973-225,FR
way/43852864-225,FR
way/44357629-225,FR
way/44448089-225,FR
way/44883864-400,FR
way/46172440-225,FR
way/47633664-225,FR
way/47660196-225,FR
way/47739331-225,FR
way/48815655-225,FR
way/49049745-400,FR
way/49338373-225,FR
way/49510896-400,FR
way/353946232-225,FR
way/53944139-225,FR
way/655200302-225,FR
way/56585982-225,FR
way/68925871-225,FR
way/56997464-400,FR
way/56998024-400,FR
way/57941014-225,FR
way/61238361-225,FR
way/62233283-225,FR
way/62279693-225,FR
way/63213632-225,FR
way/78148795-225,FR
way/63646845-225,FR
way/64040939-225,FR
way/1162035523-225,FR
way/307228675-225,FR
way/67913038-225,FR
way/69332224-225,FR
way/69813552-400,FR
way/69999641-225,FR
way/70452467-225,FR
way/71125063-225,FR
way/71933077-400,FR
way/243007631-400,FR
way/74699439-225,FR
way/75509664-225,FR
way/75750171-225,FR
way/77269251-225,FR
way/231157313-225,FR
way/147174230-225,FR
way/79805353-225,FR
way/79866837-400,FR
way/79981817-225,FR
way/80719004-225,FR
way/81228088-400,FR
way/81638061-225,FR
way/81641090-400,FR
way/81665271-400,FR
way/81758476-400,FR
way/82130902-225,FR
way/82226136-225,FR
way/82306874-400,FR
way/82467033-225,FR
way/82599261-400,FR
way/82715808-400,FR
way/82741307-400,FR
way/765852555-225,FR
way/82746777-225,FR
way/82746780-225,FR
way/82805188-400,FR
way/82825438-400,FR
way/82825446-400,FR
way/312728271-400,FR
way/82949228-400,FR
way/82949240-400,FR
way/82967739-400,FR
way/82976238-225,FR
way/83105240-225,FR
way/83118679-225,FR
way/83293593-400,FR
way/83705700-225,FR
way/244052593-400,FR
way/83731566-225,FR
way/83819431-225,FR
way/84153220-400,FR
way/508026463-400,FR
way/84325599-225,FR
way/84452130-400,FR
way/84476231-400,FR
way/84485792-400,FR
way/84490483-400,FR
way/1231941645-225,FR
way/84603564-400,FR
way/84810304-225,FR
way/85047359-400,FR
way/85198005-400,FR
way/85203486-400,FR
way/85217416-400,FR
way/986797416-225,FR
way/85273680-400,FR
way/85335661-400,FR
way/85339874-225,FR
way/85446794-225,FR
way/85605950-400,FR
way/85605959-400,FR
way/85710783-400,FR
way/1330896577-400,FR
way/85735049-225,FR
way/85821243-400,FR
way/85827397-400,FR
way/85827398-400,FR
way/85845085-400,FR
way/85851255-400,FR
way/85867971-400,FR
way/85877326-400,FR
way/85895367-400,FR
way/85955250-225,FR
way/85995894-400,FR
way/86023818-400,FR
way/86131984-400,FR
way/86162998-400,FR
way/86260099-400,FR
way/86260748-400,FR
way/86297273-400,FR
way/86342772-400,FR
way/86344183-400,FR
way/86462910-225,FR
way/86969390-225,FR
way/88689866-225,FR
way/89022039-225,FR
way/788298548-400,FR
way/89158123-225,FR
way/90032133-225,FR
way/90415251-225,FR
way/90842395-400,FR
way/90854143-225,FR
way/91351689-225,FR
way/92316703-225,FR
way/92316708-225,FR
way/92896823-225,FR
way/93189928-400,FR
way/146449309-400,FR
way/95209542-225,FR
way/95409416-225,FR
way/95810878-225,FR
way/95986421-225,FR
way/96082284-225,FR
way/96822819-225,FR
way/96839470-225,FR
way/97547196-225,FR
way/97786202-225,FR
way/98390525-400,FR
way/98890904-400,FR
way/98945703-225,FR
way/99623587-225,FR
way/99722046-400,FR
way/99790222-150,FR
way/100021432-225,FR
way/100087916-400,FR
way/268547996-400,FR
way/101086962-225,FR
way/101108382-225,FR
way/101207712-225,FR
way/101217260-225,FR
way/101228343-225,FR
way/101494744-225,FR
way/103365741-225,FR
way/103921705-225,FR
way/103960552-225,FR
way/104008765-225,FR
way/104240116-225,FR
way/299860588-225,FR
way/104481448-225,FR
way/105197514-225,FR
way/105202875-225,FR
way/105260066-225,FR
way/105515586-400,FR
way/105571340-400,FR
way/105630888-400,FR
way/105652436-225,FR
way/105652455-225,FR
way/105690676-400,FR
way/105783300-400,FR
way/105840884-400,FR
way/105913465-400,FR
way/105913481-225,FR
way/106284701-225,FR
way/106467890-225,FR
way/107121899-225,FR
way/107434290-225,FR
way/108084125-225,FR
way/108089073-225,FR
way/109227983-225,FR
way/109367858-225,FR
way/437890971-400,FR
way/109859712-400,FR
way/110086345-400,FR
way/110443404-400,FR
way/110450456-400,FR
way/110468028-225,FR
way/110522458-225,FR
way/110542740-225,FR
way/110602441-225,FR
way/110602470-225,FR
way/758192229-225,FR
way/111265307-225,FR
way/111276881-225,FR
way/111414142-400,FR
way/111449797-225,FR
way/111456385-400,FR
way/111458307-400,FR
way/611262613-400,FR
way/111558561-225,FR
way/111769053-225,FR
way/111816982-225,FR
way/112145777-225,FR
way/112310487-225,FR
way/112342683-400,FR
way/112893617-400,FR
way/112925040-225,FR
way/113020114-225,FR
way/113024932-225,FR
way/244052591-400,FR
way/113338234-225,FR
way/114018928-400,FR
way/114254761-225,FR
way/114355666-400,FR
way/114359287-225,FR
way/114363583-400,FR
way/114730382-225,FR
way/758228826-225,FR
way/115476080-225,FR
way/116168269-225,FR
way/116669781-225,FR
way/116670124-225,FR
way/116702384-225,FR
way/117350758-400,FR
way/117421453-225,FR
way/117446403-400,FR
way/117537715-225,FR
way/117810798-225,FR
way/117893799-400,FR
way/117975440-400,FR
way/118079877-400,FR
way/118086309-400,FR
way/118091900-225,FR
way/118112539-225,FR
way/118121876-400,FR
way/71644039-225,FR
way/118127416-225,FR
way/118133021-225,FR
way/118133060-225,FR
way/118133898-225,FR
way/118184233-225,FR
way/108099552-400,FR
way/118204938-225,FR
way/118213015-225,FR
way/118216358-225,FR
way/118216361-225,FR
way/118234031-225,FR
relation/13260100-400,FR
way/118260031-225,FR
way/118339972-225,FR
way/118380818-225,FR
way/118380822-225,FR
way/118387083-400,FR
way/118387084-225,FR
way/118400622-225,FR
way/118400623-225,FR
way/118591672-225,FR
way/118655802-400,FR
way/118684662-225,FR
way/118684992-225,FR
way/118727701-225,FR
way/119048154-225,FR
way/119686764-225,FR
way/119695089-150,FR
way/120464542-225,FR
way/120522167-225,FR
way/120553316-225,FR
way/120707003-400,FR
way/120747628-225,FR
way/120861987-225,FR
way/120945065-225,FR
way/120999658-225,FR
way/121024004-225,FR
way/121025339-225,FR
way/121034892-225,FR
way/121035301-225,FR
way/121066819-150,FR
way/636494294-225,FR
way/121087628-225,FR
way/121101846-225,FR
way/121116528-225,FR
way/121142266-225,FR
way/121152763-225,FR
way/121161175-225,FR
way/121297422-400,FR
way/121499607-225,FR
way/121500497-400,FR
way/122061929-225,FR
way/122104435-225,FR
way/122361853-225,FR
way/122411058-225,FR
way/122563466-400,FR
way/122568639-225,FR
way/122748502-225,FR
way/122752897-225,FR
way/122755047-225,FR
way/122755068-225,FR
way/122923029-225,FR
way/123120808-225,FR
way/125003945-225,FR
way/125076979-225,FR
way/125164718-225,FR
way/125494395-225,FR
way/125495792-225,FR
way/125550372-225,FR
way/125721667-225,FR
way/126417428-225,FR
way/128106453-225,FR
way/128381283-225,FR
way/128381294-225,FR
way/128524174-225,FR
way/129026531-225,FR
way/129221790-225,FR
way/129378915-400,FR
way/129440971-225,FR
way/129579898-225,FR
way/129580075-225,FR
way/129581885-225,FR
way/129614642-225,FR
way/129624451-225,FR
way/129628306-225,FR
way/129631438-225,FR
way/129662180-225,FR
way/129740666-225,FR
way/129830455-225,FR
way/130017468-225,FR
way/130042275-225,FR
way/130132975-225,FR
way/132205224-225,FR
way/130459448-225,FR
way/130549366-225,FR
way/130562947-225,FR
way/130595758-225,FR
way/130659505-225,FR
way/130768506-225,FR
way/130792479-225,FR
way/364077434-225,FR
way/131317126-225,FR
way/131645796-225,FR
way/131724979-225,FR
way/132456099-225,FR
way/1417304825-225,FR
way/133181704-225,FR
way/133299582-400,FR
way/133400747-225,FR
way/133637359-225,FR
way/133667044-225,FR
way/133868507-225,FR
way/134147651-225,FR
way/135183628-225,FR
way/135282004-225,FR
way/135314787-225,FR
way/590596976-225,FR
way/135509029-225,FR
way/135585545-225,FR
way/135727900-225,FR
way/135855286-225,FR
way/135873560-225,FR
way/136015463-225,FR
way/136068611-225,FR
way/136068620-225,FR
way/136286073-225,FR
way/136326140-225,FR
way/136416550-225,FR
way/137083764-225,FR
way/137191333-225,FR
way/80646661-225,FR
way/137355542-225,FR
way/137365310-225,FR
way/137474877-225,FR
way/138108387-225,FR
way/138149900-225,FR
way/138278216-225,FR
way/138382023-400,FR
way/138610604-225,FR
way/138787590-225,FR
way/138973246-225,FR
way/1328928940-225,FR
way/139098414-225,FR
way/139593701-225,FR
way/139834740-225,FR
way/140753578-225,FR
way/141073343-225,FR
way/142360067-225,FR
way/142420422-225,FR
way/142456148-225,FR
way/142456160-225,FR
way/142456170-225,FR
way/142456176-225,FR
way/142505460-225,FR
way/142571672-225,FR
way/142942574-225,FR
way/143124467-225,FR
way/143283235-225,FR
way/144099634-225,FR
way/145289725-225,FR
way/146360237-225,FR
way/146360239-225,FR
way/146360243-225,FR
way/146360244-225,FR
way/146366949-225,FR
way/146402374-225,FR
way/146402376-225,FR
way/146449311-225,FR
way/146449312-225,FR
way/146449314-225,FR
way/146449674-225,FR
way/146534501-225,FR
way/146534502-225,FR
way/146534504-225,FR
way/146534506-225,FR
way/146534507-225,FR
way/146590044-225,FR
way/146590045-225,FR
way/146590047-225,FR
way/146590048-225,FR
way/146695955-400,FR
way/146744609-225,FR
way/147056882-400,FR
way/202753898-400,FR
way/147132682-225,FR
way/147132685-400,FR
way/147132690-400,FR
way/147132693-225,FR
way/147132694-400,FR
way/147174217-225,FR
way/147174234-225,FR
way/147174236-225,FR
way/214858101-225,FR
way/147174239-225,FR
way/147174244-225,FR
way/147174246-225,FR
way/147174250-225,FR
way/147174253-225,FR
way/147174254-225,FR
way/147187631-225,FR
way/147187633-225,FR
way/147394004-225,FR
way/147394005-225,FR
way/147394006-225,FR
way/147394007-225,FR
way/147394008-225,FR
way/147394010-225,FR
way/147394011-225,FR
way/147394012-225,FR
way/147394013-225,FR
way/147394014-225,FR
way/147394015-225,FR
way/147394016-225,FR
way/147394017-225,FR
way/147394018-225,FR
way/147398274-225,FR
way/147398275-225,FR
way/147398276-225,FR
way/147398277-225,FR
way/147398278-225,FR
way/147398279-225,FR
way/147398280-225,FR
way/147467591-150,FR
way/147580954-225,FR
way/147580956-225,FR
way/147580961-225,FR
way/147580963-225,FR
way/147580965-225,FR
way/147580968-225,FR
way/147580973-225,FR
way/147580976-225,FR
way/147580978-225,FR
way/147580984-225,FR
way/147580985-225,FR
way/147580990-225,FR
way/147580994-225,FR
way/147580996-225,FR
way/147580998-225,FR
way/147581003-225,FR
way/147581004-225,FR
way/147581012-225,FR
way/147581013-225,FR
way/148059532-225,FR
way/148059534-225,FR
way/148059535-225,FR
way/148059536-225,FR
way/148059537-225,FR
way/148564021-225,FR
way/148673138-225,FR
way/150329778-225,FR
way/150366395-225,FR
way/152120009-225,FR
way/152778326-225,FR
way/152835217-225,FR
way/153495180-225,FR
way/154391107-225,FR
way/157456064-400,FR
way/157504231-225,FR
way/158232795-225,FR
way/449413597-400,FR
way/159902120-225,FR
way/162540710-400,FR
way/759073166-225,FR
way/164966742-225,FR
way/165517186-225,FR
way/165830069-225,FR
way/165966009-225,FR
way/166057222-225,FR
way/166073883-400,FR
way/166253937-225,FR
way/166401454-225,FR
way/166630982-225,FR
relation/17873353-225,FR
way/167268705-225,FR
way/167268763-225,FR
way/169393427-225,FR
way/169545189-225,FR
way/169799372-225,FR
way/755754796-225,FR
way/170062580-225,FR
way/170184991-225,FR
way/171051788-225,FR
way/172383984-225,FR
way/172735399-225,FR
way/173265188-225,FR
way/173602844-150,FR
way/174956794-225,FR
way/175907366-225,FR
way/176499686-225,FR
way/177365955-225,FR
way/818615581-225,FR
way/177428102-225,FR
way/177912872-225,FR
way/177964767-225,FR
way/177964771-225,FR
way/178995408-225,FR
way/179007671-225,FR
way/179260933-400,FR
way/179848961-225,FR
way/180569105-225,FR
way/589696033-225,FR
way/181412906-225,FR
way/182816228-225,FR
way/182939731-225,FR
way/183105308-225,FR
way/183182430-225,FR
way/183215456-225,FR
way/183266820-225,FR
way/183266838-225,FR
way/183818442-225,FR
way/135183629-225,FR
way/183836524-225,FR
way/184486846-225,FR
way/184492595-225,FR
way/186499822-225,FR
way/188144496-400,FR
way/188915706-225,FR
way/190187643-225,FR
way/194171589-150,FR
way/194571876-225,FR
way/196073443-225,FR
way/197040234-225,FR
way/197263262-225,FR
way/198441076-225,FR
way/199093574-225,FR
way/199229562-400,FR
way/203122176-225,FR
way/818615583-225,FR
way/204349873-225,FR
way/206645276-150,FR
way/206645277-150,FR
way/206829975-225,FR
way/207292011-225,FR
way/207479669-225,FR
way/207526732-225,FR
way/207762797-225,FR
way/208272092-150,FR
way/208388459-225,FR
way/208424341-225,FR
way/210389707-400,FR
way/211875283-225,FR
way/214483816-400,FR
way/217600189-225,FR
way/219639224-225,FR
way/497510591-225,FR
way/222188543-400,FR
way/224057553-225,FR
way/225210595-400,FR
way/226898600-225,FR
way/228049601-225,FR
way/229597405-400,FR
way/229901364-150,FR
way/229907568-225,FR
way/231157304-225,FR
way/231157307-225,FR
way/231157310-225,FR
way/231157311-225,FR
way/231157312-225,FR
way/231462159-150,FR
way/231743450-225,FR
way/235370803-400,FR
way/237314095-225,FR
way/239609000-225,FR
way/393286774-400,FR
way/241264423-225,FR
way/243285438-225,FR
way/244036491-225,FR
way/292629713-225,FR
way/247427865-225,FR
way/250718790-225,FR
way/252139969-225,FR
way/259113380-225,FR
way/259142886-225,FR
way/259153311-150,FR
way/260211728-225,FR
way/260579119-225,FR
way/261270523-225,FR
way/721025249-150,FR
way/262121267-225,FR
way/262948724-225,FR
way/265745327-225,FR
way/270540194-225,FR
way/273536873-225,FR
way/276770173-225,FR
way/278718504-225,FR
way/292180238-225,FR
way/294002018-225,FR
way/294828635-225,FR
way/295403868-400,FR
way/299229744-225,FR
way/299341285-400,FR
way/299862996-225,FR
way/305072067-225,FR
way/316262092-225,FR
way/318195497-225,FR
way/318502246-400,FR
way/327505353-225,FR
way/327505354-225,FR
way/350044068-225,FR
way/374150877-225,FR
way/378126683-225,FR
way/392683619-225,FR
way/136978026-225,FR
way/397885581-225,FR
way/399314538-150,FR
way/402057119-225,FR
way/403385451-225,FR
way/405909509-225,FR
way/406691575-225,FR
way/416438053-225,FR
way/416438054-225,FR
way/423730651-225,FR
way/424678723-225,FR
way/426020756-400,FR
way/432466512-400,FR
way/434500830-225,FR
way/437091959-400,FR
way/440538762-225,FR
way/440600377-225,FR
way/442135966-225,FR
way/443975666-400,FR
way/445088111-225,FR
way/89022080-400,FR
way/446406715-400,FR
way/447203892-225,FR
way/448204203-400,FR
way/448355914-400,FR
way/448722478-400,FR
way/448722484-400,FR
way/451475326-225,FR
way/454754676-225,FR
way/454932860-225,FR
way/455245314-225,FR
way/466698682-150,FR
way/467599613-225,FR
way/467599626-225,FR
way/467599657-225,FR
way/467775702-400,FR
way/467799728-225,FR
way/468096792-225,FR
way/956596300-225,FR
way/473670083-225,FR
way/474926055-225,FR
way/476639961-225,FR
way/1050640493-225,FR
way/823662694-225,FR
way/482000589-225,FR
way/484952897-225,FR
way/489118827-225,FR
way/490176634-225,FR
way/490191058-225,FR
way/490392953-225,FR
way/491655540-225,FR
way/495078839-225,FR
way/502191069-150,FR
way/514597856-225,FR
way/530490670-225,FR
way/536127194-225,FR
way/537448724-225,FR
way/545376170-225,FR
way/545808274-225,FR
way/138979518-225,FR
way/547443051-225,FR
way/549628003-225,FR
way/549628132-225,FR
way/552467306-225,FR
way/553127674-225,FR
way/553509645-225,FR
way/553509651-225,FR
way/558437000-225,FR
way/580568888-400,FR
way/580927266-400,FR
way/583372101-225,FR
way/584362062-225,FR
way/585985166-225,FR
way/589691204-225,FR
way/589691205-225,FR
way/589691209-225,FR
way/589691213-400,FR
way/589696021-225,FR
way/589696032-225,FR
relation/13260224-225,FR
way/589696042-225,FR
way/590596957-225,FR
way/590596961-225,FR
way/590596979-225,FR
way/590596987-225,FR
way/590866681-225,FR
way/590866686-225,FR
way/595230799-225,FR
way/597529242-225,FR
way/598419179-225,FR
way/601808882-225,FR
way/601834333-150,FR
way/604408491-225,FR
way/617185968-150,FR
way/620325313-225,FR
way/625776445-225,FR
way/627450679-225,FR
way/655200312-225,FR
way/657433661-225,FR
way/658560999-225,FR
way/658561191-225,FR
way/659913208-225,FR
way/659913223-225,FR
way/663429884-225,FR
way/406691576-225,FR
way/666332466-225,FR
way/667109670-225,FR
way/671113556-225,FR
way/673572808-225,FR
way/674785007-225,FR
way/682366021-225,FR
way/682366052-225,FR
way/700536313-225,FR
way/704181863-225,FR
way/715176993-225,FR
way/715177063-225,FR
way/721309579-150,FR
way/725699702-225,FR
way/730015498-225,FR
way/730015505-225,FR
way/733773947-225,FR
way/733773951-225,FR
way/733773994-225,FR
way/740849522-225,FR
way/742344914-225,FR
way/749073921-225,FR
way/756397226-225,FR
way/757237014-225,FR
way/760653905-225,FR
way/775447498-225,FR
way/777545899-225,FR
way/801344412-150,FR
way/818615585-225,FR
way/1063748572-225,FR
way/818615639-225,FR
way/818615644-225,FR
way/818615647-225,FR
way/818615660-150,FR
way/823662696-225,FR
way/823872751-225,FR
way/823872752-225,FR
way/823872753-225,FR
way/823872758-225,FR
way/850068180-225,FR
way/882142536-225,FR
way/890834366-400,FR
way/891205321-150,FR
way/907536278-225,FR
way/948708156-225,FR
way/986506105-225,FR
way/986747666-225,FR
way/986760129-225,FR
way/986793950-225,FR
way/986795975-225,FR
way/155338708-225,FR
way/986799738-225,FR
way/1000881525-400,FR
way/1010338785-225,FR
way/1041877812-225,FR
way/1046982647-225,FR
way/1049744765-225,FR
way/1056316394-225,FR
way/1067248696-225,FR
way/1076166858-225,FR
way/1076203260-225,FR
way/1081289386-225,FR
way/1081289679-225,FR
way/1091109862-225,FR
way/1117389049-225,FR
way/1121036738-225,FR
way/1159497863-225,FR
way/1180069967-225,FR
way/1198130346-225,FR
way/1220052058-225,FR
way/1233840739-225,FR
way/1236363679-225,FR
way/1236930242-225,FR
way/1236930268-150,FR
way/1271288345-400,FR
way/1272896526-225,FR
way/1328928946-400,FR
way/1299138577-225,FR
way/1364725384-225,FR
way/1420805183-225,FR
way/1421339939-225,FR
way/1451191769-225,FR
way/1452991120-225,FR
way/1050658454-225,FR
way/1456382432-225,FR
way/4715504-400,GB 2
way/532417920-400,GB 8
way/4797228-275,GB 8
way/16582436-400,GB 10
way/20851038-400,GB 2
way/22770368-132,GB 2
way/22975329-400,GB 8
way/23059230-400,GB 5
way/23059268-275,GB 16
way/23132983-275,GB 8
way/23164132-400,GB 15
way/23164256-400,GB 15
relation/17493733-400,GB 17
way/23228362-400,GB 8
way/23228569-275,GB 8
way/23229136-275,GB 10
way/23232210-132,GB 8
way/23232738-400,GB 8
way/23233560-132,GB 8
way/23234477-275,GB 8
way/23235419-132,GB 8
way/23235659-132,GB 8
way/23248656-275,GB 8
way/23248743-132,GB 8
way/23249543-132,GB 8
way/23298922-132,GB 8
way/23299362-400,GB 8
way/23299657-400,GB 8
way/636630371-400,GB 2
way/23318105-132,GB 2
way/23390317-275,GB 8
way/23487707-132,GB 2
way/23494515-275,GB 14
way/23615328-132,GB 14
way/23751377-132,GB 15
way/23752575-132,GB 17
way/23988786-400,GB 2
way/23989200-132,GB 2
way/24165071-400,GB 6
way/24403541-132,GB 2
way/24403542-132,GB 2
way/24783163-132,GB 9
way/78861453-132,GB 2
way/25406672-132,GB 16
way/25492768-132,GB 16
way/25492769-275,GB 16
way/25629803-400,GB 16
way/25784735-275,GB 14
way/25893933-132,GB 10
way/25935453-400,GB 6
way/26520113-132,GB 8
way/531721354-400,GB 1
way/26696801-132,GB 6
way/26704015-132,GB 23
way/26711240-132,GB 9
way/26711660-132,GB 9
way/26711808-132,GB 9
way/26835535-132,GB 14
way/26938722-400,GB 1
way/27122203-132,GB 14
way/27332350-275,GB 23
way/27629420-132,GB 7
way/27669698-132,GB 2
way/28035849-132,GB 15
way/28194931-275,GB 14
way/28244687-132,GB 1
way/28308247-132,GB 11
way/28541134-132,GB 15
way/28691559-400,GB 9
way/28881079-132,GB 11
way/29083288-132,GB 15
way/29111844-400,GB 10
way/29112275-132,GB 10
way/29183911-132,GB 6
way/30451161-132,GB 10
way/30780614-132,GB 14
way/30930911-275,GB 15
way/30978687-132,GB 14
way/31015820-400,GB 8
way/31536581-132,GB 15
way/31536593-132,GB 15
way/31545125-400,GB 14
way/31865073-132,GB 11
way/31979098-132,GB 11
way/32075668-275,GB 23
way/32227788-400,GB 11
way/32342648-275,GB 23
way/32604320-275,GB 8
way/32606602-132,GB 14
way/32648083-132,GB 2
way/32689149-132,GB 14
way/32790852-132,GB 14
way/32796576-400,GB 4
way/33651316-132,GB 6
way/33779072-132,GB 14
way/33917128-400,GB 16
way/34064277-132,GB 14
way/34205588-400,GB 1
way/34656007-400,GB 1
way/160011230-132,GB 14
way/34913298-132,GB 1
way/35398532-132,GB 5
way/35622995-132,GB 16
way/35692132-132,GB 15
way/36989476-132,GB 12
way/38114090-132,GB 5
way/38528291-400,GB 12
way/38532487-132,GB 8
way/39679810-275,GB 8
way/40017356-132,GB 5
way/40685663-275,GB 23
way/41710456-400,GB 8
way/41750231-132,GB 8
way/41756324-132,GB 8
way/41760772-132,GB 6
way/41806760-132,GB 8
way/41880378-132,GB 6
way/42029250-132,GB 6
way/42275030-132,GB 6
way/42359972-132,GB 14
way/130867617-132,GB 7
way/42439512-132,GB 7
way/42440859-132,GB 7
way/42799593-132,GB 7
way/42800878-400,GB 7
way/42856325-132,GB 7
way/43472283-400,GB 21
way/44171617-132,GB 27
way/45087479-275,GB 5
way/45240588-132,GB 7
way/45668133-132,GB 14
way/48876730-400,GB 3
way/49222980-132,GB 10
way/49499923-400,GB 14
way/49601061-400,GB 8
way/49837214-132,GB 14
way/49922626-400,GB 1
way/50827331-132,GB 27
way/51338029-132,GB 27
way/51338779-132,GB 21
way/51451556-132,GB 6
way/52979467-132,GB 26
way/52981856-132,GB 26
way/55284068-275,GB 14
way/55821128-132,GB 25
way/56228736-132,GB 6
way/58117934-132,GB 5
way/59736773-275,GB 24
way/60214655-132,GB 14
way/60911139-132,GB 14
way/60952228-132,GB 9
way/63826145-132,GB 14
way/65734762-132,GB 14
way/68515955-400,GB 27
way/71118225-400,GB 14
way/71119310-132,GB 14
way/71320291-132,GB 14
way/71952789-132,GB 23
way/311129999-132,GB 14
way/75083303-132,GB 14
way/76092766-132,GB 24
way/76386886-132,GB 14
way/76468460-275,GB 23
way/77065229-400,GB 6
way/78699580-132,GB 14
way/81049158-132,GB 15
way/81049238-132,GB 15
way/81049537-132,GB 15
way/247578860-275,GB 15
way/82905151-132,GB 14
way/84803250-275,GB 7
way/86071326-400,GB 24
way/86751793-132,GB 14
way/87200019-132,GB 6
way/87204522-400,GB 14
way/87207123-400,GB 14
way/87207943-132,GB 14
way/87211522-132,GB 14
way/87251342-132,GB 24
way/87260758-132,GB 14
way/395179662-132,GB 6
way/87953830-400,GB 10
way/88127384-132,GB 6
way/88129066-132,GB 6
way/88287125-400,GB 6
way/88304899-132,GB 14
way/88389243-400,GB 2
way/88449729-132,GB 5
way/88816525-132,GB 25
way/89038614-400,GB 6
way/625373236-132,GB 27
way/89414093-132,GB 13
way/89427607-400,GB 31
way/89453364-400,GB 6
way/89573357-400,GB 18
way/89573358-400,GB 18
way/89699558-275,GB 24
way/89700304-132,GB 24
way/89822325-132,GB 2
way/89823813-132,GB 24
way/89836009-275,GB 24
way/89893627-132,GB 27
way/89991537-132,GB 24
way/90099036-400,GB 1
way/90118050-132,GB 20
way/90124841-132,GB 1
way/90125443-400,GB 16
way/90125444-132,GB 16
way/90145971-132,GB 11
way/90145981-132,GB 11
way/90145985-132,GB 11
way/90454028-132,GB 6
way/90534270-400,GB 14
way/90539419-132,GB 14
way/90539496-132,GB 16
way/90539502-132,GB 16
way/90539508-400,GB 16
way/90547674-400,GB 16
way/90547677-132,GB 16
way/785730495-400,GB 16
way/90547685-275,GB 16
way/90609726-132,GB 16
way/90807525-132,GB 24
way/91003253-400,GB 13
way/91010022-400,GB 10
way/91010711-400,GB 10
way/91012657-132,GB 9
way/91034597-132,GB 13
way/91046062-132,GB 23
way/91056548-400,GB 23
way/91079618-132,GB 10
way/91082448-400,GB 9
way/91096498-132,GB 27
way/91130930-132,GB 10
way/91228086-132,GB 10
way/91233623-132,GB 10
way/91300710-132,GB 10
way/91330962-132,GB 10
way/91373886-132,GB 6
way/91582773-132,GB 6
way/91955171-400,GB 21
way/92035137-132,GB 16
way/92144341-132,GB 6
way/92144345-132,GB 6
way/92154697-132,GB 14
way/92160470-132,GB 10
way/92221420-275,GB 14
way/92260628-275,GB 14
way/92307995-132,GB 14
way/92331023-275,GB 16
way/92340133-400,GB 6
way/92342019-132,GB 6
way/92419253-400,GB 15
way/92421814-132,GB 14
way/92442885-132,GB 14
way/92449858-132,GB 14
way/92458761-400,GB 14
way/92460913-400,GB 5
way/92483460-400,GB 7
way/92489440-132,GB 7
way/92529432-400,GB 15
way/92737150-132,GB 15
way/92797623-132,GB 21
way/92837026-132,GB 14
way/93244824-132,GB 16
way/93263973-132,GB 2
way/93299730-400,GB 8
way/93878867-275,GB 15
way/93948541-132,GB 6
way/94070118-132,GB 5
way/94441580-132,GB 20
way/94455803-132,GB 7
way/94482044-132,GB 14
way/94483651-132,GB 15
way/94507831-132,GB 14
way/94530230-400,GB 10
way/94543520-275,GB 14
way/94568198-132,GB 15
way/94568206-132,GB 15
way/94583300-132,GB 11
way/1116929124-132,GB 21
way/95145016-132,GB 14
way/95164702-132,GB 15
way/95166354-132,GB 15
way/95169581-132,GB 15
way/95279334-400,GB 5
way/95279335-132,GB 5
way/95286267-132,GB 20
way/95337024-132,GB 17
way/95338682-400,GB 17
way/95374266-275,GB 24
way/95475599-132,GB 6
way/95742237-132,GB 7
way/95745922-132,GB 7
way/95745925-132,GB 7
way/95749833-400,GB 7
way/95811140-132,GB 14
way/95891663-132,GB 14
way/95894302-132,GB 7
way/95895489-400,GB 7
way/95896505-400,GB 7
way/96014483-132,GB 7
way/96019369-132,GB 7
way/96021088-132,GB 7
way/96021090-132,GB 7
way/96067517-132,GB 14
way/96067520-275,GB 14
way/96107758-400,GB 14
way/96201011-132,GB 14
way/96288586-132,GB 27
way/96338184-132,GB 11
way/96612295-132,GB 10
way/96630594-275,GB 21
way/96905262-400,GB 23
way/97256377-400,GB 15
way/97407178-132,GB 16
way/97551523-400,GB 23
way/97559016-132,GB 23
way/97561542-275,GB 21
way/98323879-132,GB 6
way/98330056-132,GB 2
way/98524677-132,GB 15
way/98532284-132,GB 11
way/98788846-275,GB 7
way/98899051-400,GB 22
way/99267665-132,GB 9
way/99630219-132,GB 6
way/99859057-132,GB 1
way/99900693-132,GB 6
way/99913870-132,GB 1
way/99938839-132,GB 9
way/100009326-132,GB 1
way/100009331-400,GB 1
way/100077745-400,GB 23
way/100722577-132,GB 9
way/100773240-132,GB 10
way/100773252-400,GB 10
way/100775026-132,GB 10
way/100820850-132,GB 10
way/100820853-132,GB 10
way/100861724-132,GB 16
way/100865730-132,GB 16
way/100866655-132,GB 16
way/100873052-132,GB 10
way/101008939-132,GB 10
way/101077623-400,GB 16
way/101078713-132,GB 16
way/101080747-132,GB 14
way/101080761-132,GB 12
way/101080883-132,GB 6
way/101080907-132,GB 13
way/101080945-132,GB 13
way/101086666-132,GB 6
way/101162733-132,GB 7
way/101263176-132,GB 14
way/101312018-275,GB 16
way/101365758-275,GB 7
way/102029367-132,GB 8
way/102042771-132,GB 9
way/102103443-132,GB 7
way/102147592-275,GB 23
way/102152554-132,GB 8
way/102198808-400,GB 23
way/102268474-132,GB 29
way/102279879-132,GB 6
way/102549055-400,GB 8
way/102722747-132,GB 16
way/102968360-132,GB 6
way/103150854-400,GB 8
way/103829261-400,GB 10
way/103852980-132,GB 10
way/292470578-400,GB 5
way/103915331-132,GB 5
way/103962437-400,GB 5
way/103981269-132,GB 11
way/104372210-132,GB 11
way/104859150-132,GB 9
way/105174483-132,GB 23
way/105304263-275,GB 23
way/105665630-132,GB 12
way/106575454-132,GB 21
way/107429158-132,GB 1
way/107519476-132,GB 14
way/108437408-132,GB 10
way/108520575-132,GB 7
way/108520585-132,GB 7
way/109073025-275,GB 24
way/143783006-400,GB 10
way/109463536-275,GB 16
way/109730296-400,GB 21
way/111528318-275,GB 25
way/111550033-400,GB 23
way/111627660-132,GB 20
way/111705085-132,GB 14
way/112089965-132,GB 8
way/112051790-132,GB 13
way/112695338-132,GB 6
way/113992896-132,GB 10
way/160580055-132,GB 16
way/114515147-132,GB 24
way/115277975-275,GB 27
way/115530033-400,GB 5
way/115530637-132,GB 5
way/115554230-132,GB 5
way/115678830-132,GB 1
way/115770505-132,GB 5
way/115794810-132,GB 5
way/115887437-275,GB 16
way/116508415-132,GB 10
way/116539370-275,GB 16
way/1016427042-132,GB 24
way/116717613-132,GB 16
way/116863176-132,GB 16
way/117106941-132,GB 14
way/117934870-132,GB 1
way/118271051-132,GB 23
way/119315534-275,GB 23
way/119315549-275,GB 23
way/119315557-275,GB 23
way/119616836-400,GB 1
way/119791288-132,GB 6
way/120362783-132,GB 7
way/121820285-275,GB 7
way/123037622-275,GB 7
way/123085620-132,GB 21
way/123129049-275,GB 23
way/123227575-132,GB 3
way/123570701-132,GB 7
way/123866712-275,GB 16
way/123881831-132,GB 5
way/125010129-132,GB 15
way/125860302-275,GB 23
way/125925586-132,GB 2
way/125936747-132,GB 1
way/127019389-132,GB 27
way/127045977-275,GB 27
way/127184694-400,GB 14
way/128108444-132,GB 3
way/128355821-132,GB 8
way/128387734-132,GB 14
way/129407052-132,GB 26
way/130127395-132,GB 29
way/130536090-132,GB 5
way/130870157-132,GB 25
way/130870161-132,GB 25
way/130871516-132,GB 25
way/130886291-132,GB 5
way/131820507-132,GB 13
way/132148236-132,GB 24
way/132828862-132,GB 6
way/135693940-275,GB 15
way/137050527-275,IE
way/138123371-132,GB 5
way/138131146-132,GB 3
way/138165917-132,GB 1
way/139269186-132,GB 10
way/140415309-132,GB 9
way/142185552-275,IE
way/142397822-400,GB 21
way/142741752-400,GB 14
way/142742169-132,GB 14
way/142820201-132,GB 5
way/142841192-400,GB 16
way/142845284-400,GB 18
way/143076692-132,GB 2
way/143076695-132,GB 2
way/143105488-275,GB 23
way/143110887-275,GB 23
way/143221984-275,GB 21
way/143382162-132,GB 23
way/143383456-400,GB 23
way/143388743-275,GB 23
way/143390824-132,GB 23
way/143408586-132,GB 28
way/143557146-132,GB 21
way/143569365-132,GB 1
way/143866216-132,GB 12
way/143905069-400,GB 13
way/144108126-132,GB 20
way/144177647-132,GB 27
way/144325554-132,GB 5
way/144840847-132,GB 1
way/146518920-132,GB 1
way/146867524-132,GB 7
way/147475796-275,GB 16
way/148251646-132,GB 10
way/148266260-275,IE
way/148382435-275,GB 23
way/150705182-132,GB 23
way/1020861477-132,GB 16
way/151553168-132,GB 16
way/151989484-132,GB 1
way/152615782-132,GB 5
way/152714054-132,GB 16
way/152816447-132,GB 22
way/1393671376-275,GB 16
way/153061663-132,GB 16
way/153224649-132,GB 13
way/153341460-132,GB 14
way/153589213-132,GB 14
way/153856113-132,GB 19
way/153884024-275,GB 15
way/155527005-132,GB 1
way/155527012-132,GB 1
way/155644447-132,GB 1
way/155738019-132,GB 1
way/155738495-132,GB 1
way/156127415-132,GB 1
way/156783292-132,GB 5
way/156785138-132,GB 5
way/156886258-132,GB 16
way/156943911-132,GB 21
way/157516210-132,GB 15
way/158044005-132,GB 7
way/159736514-400,GB 16
way/160279525-400,GB 19
way/160616357-275,GB 16
way/160980834-132,GB 14
way/161761945-132,GB 14
way/162124572-275,GB 24
way/163036722-400,GB 15
way/163863818-132,GB 8
way/164372857-132,GB 14
way/164380199-275,GB 16
way/164419224-132,GB 16
way/164419755-132,GB 16
way/165011750-132,GB 23
way/166703758-275,GB 23
way/166703759-275,GB 24
way/166703764-275,GB 23
way/166703766-400,GB 27
way/166764802-275,IE
way/167621580-400,GB 14
way/168101014-132,GB 21
way/169523414-132,GB 15
way/169770501-132,GB 16
way/170647768-132,GB 16
way/172415295-132,GB 15
way/172524916-132,GB 15
way/175473608-132,GB 15
way/176683061-132,GB 7
way/177065871-132,GB 20
way/177180645-132,GB 20
way/177183492-132,GB 20
way/177518118-132,GB 2
way/177855054-132,GB 1
way/178236535-132,GB 16
way/179710461-132,GB 1
way/180185063-132,GB 16
way/181444081-132,GB 14
way/182011039-132,GB 1
way/183904046-275,GB 21
way/183926058-132,GB 1
way/184584639-275,GB 21
way/1362412331-275,GB 16
way/186747789-132,GB 20
way/187044882-132,GB 16
way/187884274-132,GB 20
way/188680391-132,GB 1
way/190511290-400,GB 13
way/193301134-132,GB 20
way/193437135-132,GB 5
way/25406532-400,GB 16
way/193463762-132,GB 14
way/196124981-132,GB 20
way/196124982-132,GB 20
way/198583522-132,GB 8
way/451465909-132,GB 8
way/200333084-132,GB 16
way/200526096-132,GB 9
way/200635683-275,GB 21
way/201078322-132,GB 16
way/201087023-132,GB 16
way/201785667-132,GB 16
way/203539140-132,GB 15
way/203880166-275,GB 14
way/204916242-132,GB 19
way/701436399-400,GB 19
way/205269851-132,GB 13
way/205692153-132,GB 6
way/205831763-132,GB 19
way/205949425-132,GB 1
way/206260022-132,GB 13
way/206385464-132,GB 16
way/206421018-132,GB 5
way/206463629-132,GB 8
way/206647776-132,GB 7
way/207454848-132,GB 28
way/207550769-132,GB 14
way/208762837-132,GB 14
way/208912791-132,GB 16
way/209218268-132,GB 6
way/209404646-400,GB 21
way/211266504-132,GB 16
way/101082325-275,GB 16
way/211549470-132,GB 16
way/212813697-132,GB 16
way/215583948-132,GB 23
way/217158660-132,GB 15
way/218946028-132,GB 14
way/219244460-132,GB 14
way/220124871-132,GB 14
way/221530997-132,GB 21
way/222003787-132,GB 21
way/222205173-275,GB 23
way/222769707-132,GB 20
way/222973780-132,GB 21
way/222987687-275,GB 7
way/223611393-132,GB 7
way/223611397-132,GB 7
way/225759632-275,GB 8
way/227010831-132,GB 16
way/227395337-132,GB 21
way/227495569-275,GB 21
way/34022284-400,GB 8
way/227767019-275,IE
way/227767022-275,IE
way/228459897-132,GB 21
way/228749880-132,GB 21
way/228896562-132,GB 21
way/229023876-132,GB 20
way/230134599-275,IE
way/230901452-132,GB 21
way/232319495-275,GB 29
way/233055610-132,GB 13
way/233056174-132,GB 14
way/233399023-132,GB 26
way/234469805-132,GB 6
way/234472104-132,GB 6
way/235142109-132,GB 23
way/235927580-132,GB 9
way/235990081-132,GB 20
way/236823257-132,GB 7
way/237040045-132,GB 14
way/237043867-132,GB 14
way/237054612-132,GB 14
way/237055004-132,GB 14
way/237063404-132,GB 6
way/237574956-132,GB 23
way/237999120-132,GB 14
way/237999358-132,GB 14
way/238073783-132,GB 6
way/238523057-132,GB 14
way/239134287-132,GB 14
way/240059677-132,GB 22
way/240168944-132,GB 6
way/241491759-275,GB 26
way/241693065-132,GB 16
way/241693067-132,GB 16
way/245443441-132,GB 1
way/245715468-132,GB 4
way/247279711-132,GB 25
way/248072758-132,GB 7
way/248561277-132,GB 27
way/249373559-132,GB 14
way/249654391-132,GB 24
way/447836701-132,GB 8
way/253091443-132,GB 25
way/254062373-132,GB 6
way/256421165-132,GB 15
way/257311344-400,GB 19
way/260300448-275,GB 23
way/261835453-132,GB 5
way/1078525352-400,GB 23
way/262532045-400,GB 23
way/263863442-400,GB 5
way/264102298-400,GB 10
way/264104518-400,GB 10
way/264371625-275,GB 8
way/576238223-400,GB 11
way/266591872-132,GB 23
way/268640770-132,GB 14
way/273093433-132,GB 2
way/1392517228-132,GB 22
way/280317944-400,GB 22
way/295657862-275,GB 7
way/281221434-132,GB 22
way/282509299-132,GB 22
way/284874050-400,GB 23
way/287418707-132,GB 16
way/331991564-132,GB 8
way/290490975-132,GB 18
way/291637296-132,GB 15
way/291786977-132,GB 6
way/292371992-400,GB 3
way/292471784-400,GB 5
way/292479722-132,GB 7
way/292965497-132,GB 27
way/293583833-132,GB 15
way/294433684-132,GB 22
way/294433685-132,GB 22
way/294764556-132,GB 1
way/295169544-132,GB 27
way/295407192-132,GB 27
way/295407193-132,GB 27
way/295564874-132,GB 7
way/295876243-132,GB 27
way/295887825-132,GB 22
way/296116100-132,GB 18
way/297840585-400,GB 23
way/301671548-132,GB 27
way/302303154-132,GB 14
way/304347104-132,GB 1
way/305074372-132,GB 29
way/305577273-132,GB 14
way/305627318-132,GB 29
way/305627323-132,GB 29
way/305627326-132,GB 29
way/305791136-132,GB 27
way/305791138-132,GB 27
way/1252887977-132,GB 26
way/305791401-132,GB 26
way/840252660-132,GB 27
way/306046719-132,GB 27
way/306451400-275,GB 27
way/306451401-132,GB 25
way/306451402-132,GB 25
way/306451403-132,GB 25
way/306451404-132,GB 26
way/306595697-132,GB 26
way/306595699-132,GB 25
way/306595717-132,GB 26
way/306595720-132,GB 27
way/306595723-132,GB 27
way/306595724-132,GB 26
way/306595725-132,GB 25
way/307717798-132,GB 28
way/307717801-132,GB 28
way/307717802-132,GB 28
way/307717805-132,GB 28
way/307717807-275,GB 24
way/307767554-132,GB 24
way/307767568-132,GB 24
way/307767571-132,GB 24
way/307769998-275,GB 24
way/308313098-132,GB 24
way/308653819-275,GB 23
way/308656179-132,GB 23
way/308724683-275,GB 23
way/308724719-275,GB 23
way/65482882-400,GB 23
way/308795251-132,GB 23
way/308802191-275,GB 23
way/310436909-132,GB 23
way/310436910-132,GB 23
way/310436911-132,GB 23
way/310436922-132,GB 23
way/310437612-132,GB 23
way/310438991-132,GB 23
way/310495252-132,GB 20
way/142740991-400,GB 20
way/310502642-400,GB 21
way/310504462-132,GB 21
way/311840838-275,GB 21
way/313180501-400,GB 19
way/313495269-400,GB 16
way/313756668-132,GB 16
relation/10925187-275,GB 16
way/314338790-400,GB 13
relation/13110369-400,GB 13
way/315213320-275,GB 15
way/315963157-132,GB 14
way/316250865-132,GB 23
way/316450893-132,GB 6
way/319018222-132,GB 14
way/320796264-132,GB 14
way/320868793-132,GB 23
way/321048215-132,GB 15
way/324478960-132,GB 14
way/335589232-275,GB 23
way/336723327-132,GB 15
way/338642221-132,GB 1
way/339008021-275,IE
way/341334196-132,GB 15
way/358553906-132,GB 15
way/364679042-132,GB 14
way/367005272-275,GB 15
way/367008032-132,GB 15
way/371757485-400,GB 8
way/374462930-132,GB 2
way/375639027-132,GB 7
way/375781773-132,GB 15
way/376450057-400,GB 13
way/376687498-132,GB 16
way/376889751-132,GB 14
way/384547558-132,GB 13
way/384967694-132,GB 21
way/391606985-132,GB 16
way/395179660-132,GB 6
way/400789926-132,GB 14
way/402055994-132,GB 15
way/402783212-275,IE
way/403948094-132,GB 15
way/412985304-132,GB 25
way/419111438-132,GB 17
way/422486984-400,GB 24
way/429674919-132,GB 15
way/433545528-220,GB 18
way/444336315-132,GB 16
way/313715056-400,GB 8
way/447366747-132,GB 15
way/447718669-132,GB 8
way/447748328-132,GB 8
way/447788142-132,GB 8
way/447790648-132,GB 8
way/447836700-132,GB 8
way/458743680-132,GB 7
way/460760795-132,GB 14
way/467794254-132,GB 25
way/470662419-132,GB 7
way/471456775-132,GB 13
way/472164401-400,GB 14
way/472289073-275,GB 23
way/474233199-132,GB 23
way/477116465-132,GB 14
way/477304618-132,GB 14
way/477725052-132,GB 14
way/485848761-132,GB 2
way/489819760-132,GB 14
way/494951597-400,GB 8
way/495624573-275,GB 29
way/495624575-275,GB 29
way/495626051-132,GB 29
way/505641208-132,GB 1
way/523433701-132,GB 20
way/528767520-132,GB 7
way/533670766-400,GB 8
way/551254631-132,GB 7
way/551290930-132,GB 1
way/552551706-400,GB 15
way/553488078-132,GB 7
way/553490952-400,GB 7
way/562727162-132,GB 28
way/562727179-132,GB 25
way/562892209-132,GB 27
way/562993469-132,GB 27
way/567187951-275,GB 29
way/567192304-132,GB 29
way/570087440-132,GB 23
way/570087442-132,GB 23
way/570087443-132,GB 23
way/572639801-132,GB 14
way/576029636-132,GB 5
way/576061600-132,GB 15
way/576068927-132,GB 15
way/1110287590-400,GB 20
way/591599808-132,GB 15
way/608433474-132,GB 11
way/609338168-132,GB 9
way/611890321-132,GB 18
way/621953452-132,GB 23
way/624256368-275,GB 29
way/624794977-132,GB 7
way/820229174-275,GB 27
way/630939126-275,GB 29
way/632680585-132,GB 25
way/632685253-132,GB 25
way/633696448-132,GB 26
way/635226843-400,GB 12
way/635229626-400,GB 11
way/635255568-132,GB 6
way/635713005-220,GB 18
way/636658275-132,GB 26
way/636849834-132,GB 23
way/814351697-400,GB 10
way/669394010-132,GB 9
way/669394022-132,GB 9
way/669394026-132,GB 10
way/674264191-132,GB 1
way/675607803-132,GB 8
way/675634654-132,GB 5
way/676067604-132,GB 5
way/676646876-400,GB 23
way/676775628-275,GB 23
way/677510482-275,GB 23
way/677513264-220,GB 28
way/677845115-400,GB 1
way/677876812-132,GB 7
way/22978838-400,GB 2
way/683792577-132,GB 16
way/689624522-275,GB 27
way/689625676-132,GB 27
way/689626274-400,GB 27
way/1386143667-400,GB 11
way/705682535-132,GB 26
way/719386218-132,GB 7
way/730870685-275,GB 24
way/744731469-132,GB 27
way/760272408-132,GB 5
way/762272690-275,GB 27
relation/10695345-400,GB 10
way/773894376-132,GB 16
way/91233446-400,GB 10
way/778717371-275,GB 27
way/796648851-275,GB 16
way/799227918-132,GB 9
way/820223835-132,GB 23
way/820231183-400,GB 26
way/820237569-400,GB 26
way/1255408450-132,GB 16
way/822172558-132,GB 21
way/822222518-132,GB 21
way/827451270-132,GB 7
way/830115947-132,GB 14
way/830281521-132,GB 14
way/830352979-132,GB 14
way/830370922-132,GB 14
way/832403607-132,GB 8
way/839713003-132,GB 14
way/839833890-132,GB 5
way/839963278-132,GB 23
way/840111603-132,GB 23
way/840252662-132,GB 27
way/840677697-132,GB 9
way/841035748-132,GB 28
way/841969488-132,GB 6
way/842452494-132,GB 23
way/842685465-275,GB 27
way/849364126-132,GB 16
way/855656171-132,GB 14
way/857619510-132,GB 12
way/868652318-132,GB 14
way/875923807-132,GB 24
way/930690085-132,GB 7
way/892701417-132,GB 16
way/895564309-400,GB 13
way/899170972-132,GB 13
way/907459589-132,GB 23
way/910014323-132,GB 14
way/915055126-132,GB 14
way/921691198-132,GB 7
way/923031662-132,GB 7
way/923769970-132,GB 1
way/924558413-132,GB 16
way/925179651-400,GB 6
way/939804451-132,GB 7
way/939806126-132,GB 7
way/939808645-132,GB 7
way/939896034-132,GB 7
way/940722020-132,GB 14
way/940778477-132,GB 5
way/940971823-132,GB 16
way/941445083-132,GB 14
way/974781741-132,GB 5
way/978864040-132,GB 15
way/1026414471-132,GB 10
way/1026414472-132,GB 10
way/1026439044-132,GB 11
way/1049638569-400,GB 3
way/1052075643-132,GB 16
way/1052246776-132,GB 15
way/1069658047-132,GB 14
way/1078532568-400,GB 13
way/1087785232-400,GB 5
way/1097582201-400,GB 16
way/1097582204-132,GB 14
way/1116523670-132,GB 27
way/1117585314-132,GB 16
way/23299459-400,GB 8
way/1120489652-275,GB 8
way/1125780380-132,GB 8
way/1126346023-132,GB 29
way/1126346029-132,GB 29
way/1133157406-400,GB 14
relation/13110367-400,GB 7
relation/8824342-275,GB 15
way/1185489725-400,GB 27
way/1214332448-275,GB 18
way/1252341626-275,GB 25
way/1263000218-400,GB 26
way/1263085225-132,GB 27
way/1263095951-400,GB 27
way/1263101680-400,GB 23
way/1271295345-400,GB 10
way/212779654-400,GB 23
way/43303585-400,GB 21
way/1275300370-400,GB 8
way/1297690787-275,GB 21
way/164369466-275,GB 24
way/1311885646-132,GB 1
way/1328249376-132,GB 23
way/1377318457-400,GB 5
way/1379653265-400,GB 3
way/441697429-275,GB 14
way/1382515756-400,GB 1
way/1388533383-220,GB 23
way/1388533384-220,GB 23
way/1389837644-400,GB 11
way/1390449856-132,GB 20
way/1390452745-132,GB 20
way/1392651453-132,GB 21
way/1392651456-132,GB 21
way/1392853091-132,GB 12
way/1393665249-132,GB 16
way/1393796253-150,GB 16
way/1395117767-400,GB 15
way/1409483752-220,GB 27
way/1409483753-220,GB 27
way/1447938901-400,GB 1
way/1449383591-275,GB 8
way/1456919098-132,GB 2
way/1457445285-132,GB 7
way/183749097-220,IE
way/35150701-220,IE
way/42998577-220,IE
way/79803767-220,IE
way/88144450-400,IE
way/88462768-220,IE
way/89760546-220,IE
way/1154822210-220,IE
way/104388595-220,IE
way/104388599-220,IE
way/147525695-220,IE
way/150124101-220,IE
way/179121616-400,IE
way/180637986-220,IE
way/185693432-220,IE
way/185902319-220,IE
way/186889669-220,IE
way/194575030-220,IE
way/194614470-220,IE
way/197846408-220,IE
way/207331199-220,IE
way/207339053-400,IE
way/208124159-220,IE
way/254158424-400,IE
way/255668124-220,IE
way/264275258-275,IE
way/264852019-220,IE
way/266025855-220,IE
way/285823905-220,IE
way/288283900-220,IE
way/374906132-220,IE
way/516651650-220,IE
way/516752881-220,IE
way/547590959-220,IE
way/98820685-220,IE
way/714018181-220,IE
way/819997192-220,IE
way/887405637-220,IE
way/942416227-220,IE
way/1003262502-220,IE
way/22984334-380,NL
way/23094591-150,NL
way/23094921-150,NL
way/23094981-150,NL
way/23095605-150,NL
way/23095791-150,NL
way/23096302-150,NL
way/23096382-150,NL
way/23096966-380,NL
way/23112759-150,NL
way/23112862-150,NL
way/23120968-150,NL
way/23135563-380,NL
way/23135620-150,NL
way/23135627-150,NL
way/129650341-150,NL
way/606847147-380,NL
way/23135864-150,NL
way/23136414-150,NL
way/23137579-150,NL
way/23138003-150,NL
way/23140069-150,NL
way/23140196-150,NL
way/23140502-150,NL
way/1252554144-150,NL
way/23141154-150,NL
way/23640930-150,NL
way/27078167-150,NL
way/41394481-150,NL
way/48914855-150,NL
way/51265419-150,NL
way/51317971-150,NL
way/60475837-150,NL
way/72888152-380,NL
way/83423799-380,NL
way/87177513-150,NL
way/1210501162-380,NL
way/87201685-150,NL
way/87207800-220,NL
way/87207979-150,NL
way/87207986-150,NL
way/87207992-150,NL
way/87208002-150,NL
way/87208003-150,NL
way/87208010-150,NL
way/87208012-150,NL
way/87208015-150,NL
way/87282306-150,NL
way/87322581-150,NL
way/87322583-150,NL
way/87322585-150,NL
way/87322587-150,NL
way/87354306-380,NL
way/87358157-220,NL
way/87364036-150,NL
way/87364043-150,NL
way/87448656-220,NL
way/87787023-150,NL
way/87792499-380,NL
way/87794279-380,NL
way/87847415-150,NL
way/87850288-150,NL
way/88074988-150,NL
way/88075004-150,NL
way/88075018-150,NL
way/88075020-150,NL
way/942640207-380,NL
way/96382843-380,NL
way/101807326-150,NL
way/286767058-150,NL
way/113367686-150,NL
way/115300231-150,NL
way/117705482-150,NL
way/129650340-150,NL
way/129650343-150,NL
way/129650358-150,NL
way/1137461464-150,NL
way/146809673-380,NL
way/146901292-380,NL
way/146908530-150,NL
way/148687862-150,NL
way/155505087-150,NL
way/157902099-380,NL
way/158180423-150,NL
way/158595367-150,NL
way/158595374-150,NL
way/162176187-380,NL
way/776770261-380,NL
way/162179855-150,NL
way/162180850-150,NL
way/162181125-150,NL
way/162183344-150,NL
way/162275050-150,NL
way/162458470-150,NL
way/162458472-150,NL
way/162465283-150,NL
way/162534333-150,NL
way/162534334-150,NL
way/162534335-150,NL
way/162790139-150,NL
way/162790141-150,NL
way/162791828-150,NL
way/162794290-150,NL
way/162911982-150,NL
way/162911985-150,NL
way/162916228-150,NL
way/162916229-150,NL
way/162916230-150,NL
way/163031243-150,NL
way/163031244-150,NL
way/163135974-150,NL
way/163138891-150,NL
way/163308444-150,NL
way/163308445-150,NL
way/163308446-150,NL
way/163401492-150,NL
way/163401493-150,NL
way/163401494-150,NL
way/163401495-150,NL
way/163405156-150,NL
way/163405157-150,NL
way/163484690-150,NL
way/163484693-150,NL
way/163989110-150,NL
way/163989111-150,NL
way/163989113-150,NL
way/163989114-150,NL
way/163996254-150,NL
way/163996255-150,NL
way/163996256-150,NL
way/163996257-150,NL
way/164093713-150,NL
way/164093714-150,NL
way/164093715-150,NL
way/164093716-150,NL
way/164243417-150,NL
way/164243418-150,NL
way/164243419-150,NL
way/164510602-150,NL
way/164510603-150,NL
way/164646417-150,NL
way/164646418-150,NL
way/165083352-150,NL
way/165083353-150,NL
way/165242802-380,NL
way/165250724-150,NL
way/165278337-150,NL
way/165278338-150,NL
way/166838681-150,NL
way/167695568-380,NL
way/168037483-220,NL
way/171267263-150,NL
way/178699856-380,NL
way/195430872-150,NL
way/198335271-150,NL
way/198335272-150,NL
way/198623630-150,NL
way/203405922-150,NL
way/238004455-150,NL
way/267537949-150,NL
way/271381256-150,NL
way/278372328-150,NL
way/279763540-150,NL
way/787912161-150,NL
way/308181656-380,NL
way/1101850566-380,NL
way/313734933-150,NL
way/313734935-150,NL
way/395808096-150,NL
way/426406308-150,NL
way/477949333-380,NL
way/787919158-380,NL
way/492848570-150,NL
way/577158336-380,NL
way/977562878-380,NL
way/662637091-150,NL
way/669239516-150,NL
way/677997272-150,NL
way/693745438-380,NL
way/696525579-150,NL
way/696750501-150,NL
way/700846836-380,NL
way/716826513-150,NL
way/717200590-150,NL
way/717200591-150,NL
way/717299458-150,NL
way/723528920-380,NL
way/919734658-380,NL
way/775337394-150,NL
way/776801284-150,NL
way/919951848-380,NL
way/921069367-150,NL
way/931207696-150,NL
way/934114405-380,NL
way/943476902-150,NL
way/943485833-150,NL
way/951425548-150,NL
way/991435911-150,NL
way/991708947-150,NL
way/991757559-150,NL
way/1031524261-150,NL
way/1099434374-220,NL
way/1117606094-150,NL
way/1139125625-150,NL
way/1196308645-150,NL
way/1196309937-150,NL
way/1205235768-150,NL
way/1218950123-380,NL
way/1266807630-220,NL
way/1266908852-150,NL
way/278901938-220,NL
way/1275266044-380,NL
way/1283385798-150,NL
way/1283408806-150,NL
way/1337145064-220,NL
way/1342601328-150,NL
way/1342626557-150,NL
way/1395177263-150,NL
way/1410333292-150,NL
way/1420428473-150,NL
way/1420428478-150,NL
way/1429182119-150,NL
way/26938543-132,NO
way/27030901-132,NO
way/28028051-132,NO
way/114414014-420,NO
way/36780360-132,NO
way/37907251-420,NO
way/39694172-132,NO
way/46832312-132,NO
way/48306065-132,NO
way/50881349-132,NO
way/51522063-132,NO
way/51855380-420,NO
way/60495669-420,NO
way/71356608-300,NO
way/90273427-300,NO
way/100151486-420,NO
way/100648754-300,NO
way/100657505-132,NO
relation/10582233-132,NO
way/100661367-132,NO
way/100666299-132,NO
way/100666305-132,NO
way/104728501-132,NO
way/106966310-132,NO
way/107475267-132,NO
way/109845074-132,NO
way/110049548-132,NO
way/111654009-132,NO
way/113442999-300,NO
way/114845318-420,NO
way/114318083-420,NO
way/114336709-300,NO
way/114669733-300,NO
way/114897970-132,NO
way/118231876-300,NO
way/119823786-132,NO
way/120105564-132,NO
way/120279477-300,NO
way/128291126-132,NO
way/128406208-420,NO
way/133756725-132,NO
way/134989247-132,NO
way/152442972-132,NO
way/154904137-132,NO
way/163116969-132,NO
way/165500085-132,NO
way/166227080-300,NO
way/684372280-132,NO
way/179044834-132,NO
way/181885992-132,NO
way/187555858-300,NO
way/197866182-420,NO
way/202200066-420,NO
way/205115991-420,NO
way/206628449-420,NO
relation/8520950-300,NO
way/228085650-132,NO
way/228400493-132,NO
way/229806969-420,NO
way/229806970-420,NO
way/232893576-420,NO
way/240202234-420,NO
way/244179408-420,NO
way/252924745-420,NO
way/254428135-420,NO
way/257192868-220,NO
way/261717967-300,NO
way/265770276-300,NO
relation/18303428-132,NO
relation/7871517-300,NO
way/287685850-420,NO
relation/8536441-300,NO
way/288812256-300,NO
way/289304185-300,NO
way/290360704-300,NO
way/290373414-300,NO
way/290390502-300,NO
way/290562151-300,NO
way/295444089-420,NO
way/295444099-420,NO
way/296229069-420,NO
way/296269262-132,NO
way/296271258-132,NO
way/297388897-300,NO
way/307323708-300,NO
way/325550726-132,NO
way/329581503-132,NO
way/329581506-132,NO
way/329807473-132,NO
way/329807474-132,NO
way/329807476-132,NO
relation/7859166-132,NO
way/331597523-132,NO
way/350332649-420,NO
way/355844786-300,NO
way/358915801-420,NO
way/358981810-132,NO
way/382779348-132,NO
way/390485709-132,NO
way/393140772-132,NO
way/393738557-132,NO
way/400655824-300,NO
way/430780474-300,NO
way/432917507-132,NO
way/432965756-132,NO
way/432965765-300,NO
way/432969239-132,NO
way/435669205-132,NO
way/440170580-300,NO
way/442950344-132,NO
way/445514503-300,NO
way/469098816-420,NO
way/475820066-420,NO
way/492424183-132,NO
way/493018044-420,NO
way/495195764-132,NO
way/503746987-132,NO
way/506005159-132,NO
way/511117400-132,NO
way/542630292-132,NO
way/544779821-132,NO
way/546262597-300,NO
way/546738957-132,NO
way/547444145-132,NO
way/547743430-420,NO
way/548201542-132,NO
way/548201553-420,NO
way/548339577-132,NO
way/548370344-132,NO
way/548370360-132,NO
way/548473094-420,NO
way/548627778-132,NO
way/548709529-420,NO
way/548935479-132,NO
way/549449181-300,NO
way/549449182-300,NO
way/549858213-132,NO
way/550033067-132,NO
way/550190735-132,NO
way/550195650-132,NO
way/550378158-132,NO
way/550388264-132,NO
way/550454423-132,NO
way/550454471-132,NO
way/551037431-132,NO
way/551074064-132,NO
way/551194981-132,NO
way/551246032-132,NO
way/551246037-132,NO
way/551246087-132,NO
way/551911925-132,NO
way/551964031-420,NO
way/552672002-132,NO
relation/8269874-150,NO
way/553394414-132,NO
way/553436080-132,NO
way/554278944-132,NO
way/554551085-300,NO
way/554596361-132,NO
way/554596405-132,NO
way/556184388-132,NO
way/566190961-132,NO
way/572898605-132,NO
way/572898616-420,NO
way/572898618-420,NO
way/572898626-420,NO
way/576502833-132,NO
way/577998803-420,NO
way/579583500-132,NO
way/579944545-132,NO
way/580164332-132,NO
way/580268636-132,NO
way/580388626-132,NO
way/580685135-132,NO
way/581435428-132,NO
way/584434419-132,NO
way/586116281-132,NO
way/586152359-132,NO
way/586502774-132,NO
relation/8281954-132,NO
way/586667770-132,NO
way/587053818-132,NO
way/587053918-132,NO
way/587348300-132,NO
way/587356986-132,NO
relation/8289305-132,NO
way/587607517-132,NO
way/587607521-132,NO
way/587726948-132,NO
way/587793855-132,NO
way/587793886-132,NO
way/587922055-132,NO
way/588074267-132,NO
way/588443638-132,NO
way/588985297-132,NO
way/589009876-132,NO
way/589085618-132,NO
way/610484703-132,NO
way/612087812-132,NO
way/613587460-420,NO
way/614152851-132,NO
way/615122820-132,NO
way/615122824-420,NO
way/615547771-132,NO
way/615763612-132,NO
way/617335959-132,NO
way/617504274-132,NO
way/631983832-300,NO
way/633489251-132,NO
way/633840104-420,NO
way/633896066-420,NO
way/634681118-132,NO
way/634983438-132,NO
way/636261741-132,NO
way/636416587-132,NO
way/636416589-132,NO
way/636578362-132,NO
way/636688272-132,NO
way/636875282-300,NO
way/636937734-132,NO
way/636937741-132,NO
way/636957241-132,NO
way/637005916-300,NO
way/640796702-420,NO
way/643494389-132,NO
way/646643338-132,NO
way/648848845-300,NO
way/656067277-132,NO
way/657434624-132,NO
way/660846340-132,NO
way/671956023-132,NO
way/671990789-132,NO
way/671990791-132,NO
way/671990796-132,NO
way/685025511-132,NO
way/708130867-132,NO
way/709830245-132,NO
way/711130655-132,NO
way/749676336-300,NO
way/751563721-132,NO
way/751563722-132,NO
way/751563723-132,NO
way/751953137-132,NO
way/753593226-132,NO
way/122228401-132,NO
way/753706331-132,NO
way/761955347-132,NO
way/799370310-300,NO
way/830169275-132,NO
way/830770515-420,NO
way/839518631-132,NO
way/840096758-132,NO
way/842022592-132,NO
way/842385259-420,NO
way/842686943-132,NO
way/848422115-132,NO
way/856546575-132,NO
relation/11781403-132,NO
way/879822770-132,NO
way/883151328-420,NO
way/904842988-132,NO
way/907569101-132,NO
way/909351380-132,NO
way/945690733-132,NO
way/949236575-132,NO
way/953796939-132,NO
way/968741818-132,NO
way/999060720-132,NO
way/1003297482-132,NO
way/1003297484-132,NO
way/1004193643-132,NO
way/1028850312-300,NO
way/1028850314-300,NO
way/1030291023-132,NO
way/1035089073-132,NO
way/1036809822-132,NO
way/1050275156-132,NO
way/1054444277-132,NO
way/1054444285-132,NO
way/1054444293-132,NO
way/1078030962-132,NO
way/1080209770-132,NO
way/1080209784-132,NO
way/1081119424-132,NO
way/1092520738-132,NO
way/1140662370-420,NO
way/1151524305-132,NO
way/1156161502-300,NO
way/1156216252-132,NO
way/1156551462-132,NO
relation/7879876-300,NO
way/1158040163-132,NO
way/1158040189-132,NO
way/1158467047-132,NO
way/1160239696-132,NO
way/1165232853-132,NO
way/1166289460-132,NO
way/1167477250-132,NO
way/1183396853-132,NO
way/1191984325-132,NO
way/1191984327-132,NO
way/1201685391-132,NO
way/1258376987-132,NO
way/1419567932-132,NO
relation/7222461-150,BE
relation/7578992-380,BE
relation/18894378-150,BE
relation/11278540-400,FR
relation/11372549-225,FR
relation/17328947-225,FR
relation/2452471-275,GB 24
relation/7650368-400,GB 6
relation/7872518-400,GB 6
relation/7872639-132,GB 11
relation/7873198-132,GB 1
relation/7879831-400,GB 7
relation/7879994-132,GB 7
relation/7880111-400,GB 8
relation/7881280-400,GB 16
relation/7886014-400,GB 14
relation/7891422-132,GB 14
relation/7892475-132,GB 14
relation/7894974-400,GB 23
relation/7894975-400,GB 20
relation/8087295-275,GB 29
relation/8160182-132,GB 7
relation/8799993-132,GB 8
relation/8820981-132,GB 5
relation/8820982-132,GB 7
relation/9409219-400,GB 2
relation/9410111-132,GB 7
relation/9559960-132,GB 2
relation/9572254-400,GB 1
relation/9572717-132,GB 1
relation/9598269-400,GB 15
relation/10377509-400,GB 23
relation/11051275-400,GB 20
relation/11543333-400,GB 21
relation/11749977-132,GB 11
relation/12543034-275,GB 7
relation/12677642-132,GB 7
relation/12688327-132,GB 7
relation/12691320-132,GB 5
relation/12692055-132,GB 14
relation/12692056-132,GB 14
relation/12698636-132,GB 14
relation/12841365-132,GB 14
relation/13110368-400,GB 14
relation/13578433-132,GB 15
relation/14921826-400,GB 21
relation/18605478-132,GB 7
relation/19396462-400,GB 8
relation/19897532-275,GB 7
relation/17073815-150,NL
relation/19692297-150,NL
relation/3993780-420,NO
relation/7802012-300,NO
relation/7805329-300,NO
relation/7809753-300,NO
relation/7809978-132,NO
relation/7809979-132,NO
relation/7812776-420,NO
relation/7814748-300,NO
relation/7822777-132,NO
relation/7822779-132,NO
relation/7823781-132,NO
relation/7826009-132,NO
relation/7830809-132,NO
relation/7833928-132,NO
relation/7836216-132,NO
relation/7836646-132,NO
relation/7838162-132,NO
relation/7838302-132,NO
relation/7838303-132,NO
relation/7839089-420,NO
relation/7839091-132,NO
relation/7839720-420,NO
relation/7842286-300,NO
relation/7845549-300,NO
relation/7847764-420,NO
relation/7851611-300,NO
relation/7852285-132,NO
relation/7854480-132,NO
relation/7854485-420,NO
relation/7858702-132,NO
relation/7858703-132,NO
relation/7858707-132,NO
relation/7859164-132,NO
relation/7867734-132,NO
relation/7877635-132,NO
relation/7879875-132,NO
relation/7879878-420,NO
relation/7883264-300,NO
relation/7883882-300,NO
relation/7893972-132,NO
relation/7898635-132,NO
relation/7900839-132,NO
relation/7906068-132,NO
relation/7908449-132,NO
relation/7908566-132,NO
relation/7911013-132,NO
relation/7916354-132,NO
relation/7917482-132,NO
relation/7917484-132,NO
relation/7920297-132,NO
relation/7928147-420,NO
relation/8177974-132,NO
relation/8182117-420,NO
way/284868564-300,NO
relation/8196063-300,NO
relation/8198185-132,NO
relation/12793253-132,NO
relation/8204366-132,NO
relation/8205422-132,NO
relation/8205424-132,NO
relation/8206955-300,NO
relation/8206957-132,NO
relation/8209417-132,NO
relation/8209705-132,NO
relation/8211981-300,NO
relation/8218324-132,NO
relation/8222072-132,NO
relation/8226032-132,NO
relation/8239198-300,NO
relation/8243549-132,NO
relation/8251802-132,NO
relation/8271838-132,NO
relation/8274347-132,NO
relation/8276522-132,NO
relation/8277461-132,NO
relation/8278085-132,NO
relation/8279949-132,NO
relation/8280181-132,NO
relation/8280502-132,NO
relation/8280563-132,NO
relation/8280652-132,NO
relation/8280921-132,NO
relation/8281952-132,NO
relation/8283080-132,NO
relation/8285305-132,NO
relation/16367084-132,NO
relation/8288762-132,NO
relation/8288766-132,NO
relation/8292077-132,NO
relation/8292079-132,NO
relation/8292614-132,NO
relation/8293880-132,NO
relation/8293948-420,NO
relation/8296003-132,NO
relation/8296010-132,NO
relation/8296013-132,NO
relation/8296015-132,NO
relation/8297300-132,NO
relation/8298078-132,NO
relation/8300691-132,NO
relation/8301304-132,NO
relation/8301307-132,NO
relation/8306512-132,NO
relation/8306711-132,NO
relation/8307477-132,NO
relation/8332571-300,NO
relation/8473044-420,NO
relation/8474078-132,NO
relation/8476872-300,NO
relation/8476873-132,NO
relation/8481866-300,NO
relation/8482013-300,NO
relation/8482142-132,NO
relation/8483382-132,NO
relation/8483385-132,NO
relation/8483600-132,NO
relation/8483936-132,NO
way/1258376995-420,NO
relation/8492197-132,NO
relation/8519996-132,NO
relation/8519998-132,NO
relation/13534535-420,NO
relation/8529286-132,NO
relation/8534189-132,NO
relation/8535593-132,NO
relation/8536118-132,NO
relation/8538736-132,NO
relation/8538817-132,NO
way/510471501-300,NO
relation/8682110-132,NO
relation/8721337-300,NO
relation/8810106-132,NO
relation/8810108-132,NO
relation/8810204-132,NO
relation/8812587-132,NO
relation/8812588-132,NO
relation/8814880-132,NO
relation/8820859-132,NO
relation/8822265-132,NO
relation/8825748-132,NO
relation/8825750-132,NO
relation/8825751-132,NO
relation/8834783-132,NO
relation/8834935-300,NO
relation/8835181-132,NO
relation/8835295-132,NO
relation/8835425-132,NO
relation/8835473-132,NO
relation/8835482-132,NO
relation/8835529-132,NO
relation/8836349-132,NO
relation/8836351-300,NO
relation/8837348-132,NO
relation/8837899-300,NO
relation/8839231-132,NO
relation/8839877-132,NO
relation/8840346-132,NO
relation/8842621-132,NO
relation/8842623-132,NO
relation/8846883-300,NO
relation/8846916-300,NO
relation/8847096-300,NO
way/592411512-300,NO
relation/8853222-132,NO
relation/8857031-300,NO
relation/8857363-300,NO
relation/12832052-420,NO
relation/8860331-420,NO
relation/8864887-300,NO
relation/8886202-420,NO
relation/8886668-132,NO
relation/8890360-300,NO
relation/8890887-420,NO
way/830169273-420,NO
relation/8896922-300,NO
relation/9008654-132,NO
relation/8999778-132,NO
relation/8999781-132,NO
relation/9022118-132,NO
relation/9032385-300,NO
relation/9122797-132,NO
relation/9189189-132,NO
relation/9332345-132,NO
relation/9344645-132,NO
relation/9344646-132,NO
relation/9344826-132,NO
relation/9346333-132,NO
relation/9347309-132,NO
relation/9550728-132,NO
relation/9552168-300,NO
relation/9552170-132,NO
relation/9686605-132,NO
relation/9846123-132,NO
relation/9849057-132,NO
relation/9876947-132,NO
relation/9922066-132,NO
relation/10056249-132,NO
relation/10056251-132,NO
relation/10077392-132,NO
relation/10086891-300,NO
relation/10086892-132,NO
relation/10104222-420,NO
relation/10175479-300,NO
relation/10220813-420,NO
relation/10308957-300,NO
relation/10327289-300,NO
relation/10336704-132,NO
relation/10355948-132,NO
relation/10355950-132,NO
relation/10381724-132,NO
relation/10381726-132,NO
relation/10384523-132,NO
relation/10386410-132,NO
relation/10386982-132,NO
relation/10547156-300,NO
relation/10876752-132,NO
relation/11036958-420,NO
relation/11512349-300,NO
relation/11547182-132,NO
relation/11556053-132,NO
relation/11567744-132,NO
relation/11568631-420,NO
relation/11571309-132,NO
relation/11601413-132,NO
relation/11601416-132,NO
relation/11601417-132,NO
relation/11636421-132,NO
relation/12254347-132,NO
relation/12274653-420,NO
relation/12277754-300,NO
relation/12678806-132,NO
relation/12678808-132,NO
relation/12796302-132,NO
relation/12969006-300,NO
relation/13009239-132,NO
relation/13155548-132,NO
relation/13284557-132,NO
relation/13284559-132,NO
relation/13284560-132,NO
way/325545118-300,NO
relation/13307505-132,NO
relation/13405042-132,NO
relation/13418254-132,NO
relation/13418255-132,NO
relation/13447790-420,NO
relation/13794556-132,NO
relation/13851427-132,NO
relation/13876394-132,NO
relation/13989591-300,NO
relation/14018338-132,NO
relation/14071297-132,NO
relation/14071300-132,NO
relation/14071303-132,NO
relation/14071305-132,NO
relation/14071307-132,NO
relation/14072633-132,NO
relation/14339814-132,NO
relation/14347510-132,NO
relation/14347513-132,NO
relation/14465930-132,NO
relation/14543183-132,NO
relation/14758048-132,NO
relation/14887977-132,NO
relation/15347271-132,NO
relation/15389848-132,NO
relation/15389850-132,NO
relation/15768153-132,NO
relation/16005161-132,NO
relation/17011862-132,NO
relation/17099135-300,NO
relation/17207906-132,NO
relation/17478333-132,NO
relation/17512687-132,NO
relation/17818396-132,NO
relation/17818399-132,NO
relation/17818400-132,NO
relation/18555173-132,NO
relation/18667239-420,NO
relation/19581815-300,NO
BE21-150,BE
BE27-150,BE
BE20-150,BE
BE76-150,BE
BE33-150,BE
BE40-150,BE
BE37-150,BE
BE35-150,BE
BE71-150,BE
BE34-150,BE
BE54-150,BE
BE30-150,BE
BE48-150,BE
BE50-150,BE
BE57-150,BE
way/50939989-150,BE
BE115-150,BE
BE46-150,BE
way/111312141-150,BE
way/160976850-150,BE
BE31-150,BE
BE74-150,BE
BE19-150,BE
BE15-150,BE
BE56-150,BE
BE42-150,BE
BE12-150,BE
BE24-150,BE
BE28-150,BE
BE23-150,BE
BE44-150,BE
BE52-150,BE
BE66-150,BE
BE79-150,BE
DK98-132,DK
DK121-150,DK
DK40-150,DK
DK9-150,DK
way/381890733-150,DK
DK15-150,DK
DK107-150,DK
DK8-150,DK
DK156-132,DK
DK45-150,DK
FR944-150,FR
FR935-150,FR
FR934-150,FR
way/818615618-150,FR
GB434-132,GB 9
GB436-132,GB 2
GB438-132,GB 2
GB148-132,GB 16
GB47-132,GB 23
GB247-132,GB 14
GB454-132,GB 1
GB350-132,GB 10
GB332-132,GB 5
GB260-132,GB 11
GB275-132,GB 11
GB263-132,GB 6
GB395-132,GB 8
GB453-132,GB 1
GB331-132,GB 7
GB450-132,GB 1
GB378-132,GB 7
GB374-132,GB 7
GB379-132,GB 7
GB302-132,GB 6
GB385-132,GB 5
GB281-132,GB 14
GB276-132,GB 14
GB228-132,GB 15
GB12-132,GB 27
GB7-132,GB 26
GB66-132,GB 23
GB56-132,GB 23
GB78-132,GB 21
GB80-132,GB 21
GB76-132,GB 21
GB57-132,GB 23
GB279-132,GB 14
GB321-132,GB 6
GB127-132,GB 16
GB412-132,GB 4
GB441-132,GB 1
GB282-132,GB 14
GB277-132,GB 14
way/90547671-132,GB 16
GB142-132,GB 16
GB430-132,GB 10
GB429-132,GB 10
GB310-132,GB 11
GB273-132,GB 14
GB218-132,GB 15
GB249-132,GB 14
GB294-132,GB 11
GB349-132,GB 7
GB353-132,GB 7
GB358-132,GB 7
GB351-132,GB 7
GB360-132,GB 7
GB365-132,GB 7
GB295-132,GB 14
GB458-132,GB 1
GB170-132,GB 16
GB257-132,GB 12
GB264-132,GB 6
GB398-132,GB 8
GB256-132,GB 11
GB325-132,GB 5
GB421-132,GB 10
GB225-132,GB 22
GB128-132,GB 16
GB417-132,GB 10
GB335-132,GB 5
GB356-132,GB 7
GB244-132,GB 14
GB291-132,GB 6
GB133-132,GB 16
GB322-132,GB 5
GB19-132,GB 27
GB460-132,GB 1
GB129-132,GB 16
GB400-132,GB 7
GB221-132,GB 15
GB280-132,GB 14
GB445-132,GB 1
GB229-132,GB 22
GB137-132,GB 15
GB163-132,GB 15
GB362-132,GB 7
GB116-132,GB 16
GB407-132,GB 5
GB138-132,GB 16
GB149-132,GB 15
GB172-132,GB 16
GB167-132,GB 19
GB182-132,GB 16
GB152-132,GB 15
GB352-132,GB 7
GB243-132,GB 14
GB266-132,GB 14
GB143-132,GB 16
GB286-132,GB 14
GB82-132,GB 21
GB84-132,GB 21
GB270-132,GB 6
GB254-132,GB 14
GB54-132,GB 23
GB245-132,GB 14
GB259-132,GB 14
GB272-132,GB 14
GB150-132,GB 20
GB130-132,GB 20
GB418-132,GB 10
GB347-132,GB 10
GB157-132,GB 16
GB457-132,GB 1
GB387-132,GB 10
GB431-132,GB 9
GB298-132,GB 6
GB375-132,GB 7
GB368-132,GB 7
GB227-132,GB 15
GB17-132,GB 27
GB337-132,GB 7
GB4-132,GB 29
GB18-132,GB 27
GB8-132,GB 26
GB26-132,GB 28
GB28-132,GB 25
GB34-132,GB 24
GB29-132,GB 28
GB118-132,GB 16
GB132-132,GB 16
GB231-132,GB 15
GB220-132,GB 15
GB216-132,GB 15
GB212-132,GB 15
GB177-132,GB 15
GB184-132,GB 15
GB348-132,GB 7
GB456-132,GB 1
GB9-132,GB 27
GB60-132,GB 23
GB261-132,GB 14
GB425-132,GB 9
GB22-132,GB 25
GB24-132,GB 25
GB455-132,GB 1
GB354-132,GB 7
GB415-132,GB 5
GB174-132,GB 15
GB428-132,GB 9
GB386-132,GB 7
GB414-132,GB 10
GB446-132,GB 1
GB166-132,GB 16
GB424-132,GB 10
GB338-132,GB 7
GB355-132,GB 7
GB394-132,GB 7
GB439-132,GB 9
GB39-132,GB 23
GB189-132,GB 15
GB131-132,GB 16
GB33-132,GB 24
GB452-132,GB 1
GB444-132,GB 1
GB449-132,GB 1
GB326-132,GB 5
GB27-132,GB 24
GB59-132,GB 23
GB334-132,GB 7
GB224-132,GB 15
GB1-132,GB 29
GB65-132,GB 23
NL23-150,NL
NL53-150,NL
NL40-150,NL
NL51-150,NL
NL22-150,NL
NL50-150,NL
NO414-132,NO
NO411-132,NO
NO21-132,NO
NO92-132,NO
NO392-132,NO
NO88-132,NO
NO284-132,NO
NO418-132,NO
NO157-132,NO
NO161-132,NO
NO158-132,NO
NO445-132,NO
NO424-132,NO
NO365-132,NO
NO434-132,NO
NO331-132,NO
NO444-132,NO
NO51-132,NO
NO305-132,NO
NO317-132,NO
NO323-132,NO
NO189-132,NO
NO6-132,NO
NO8-132,NO
NO224-132,NO
NO225-132,NO
NO258-132,NO
NO244-132,NO
NO248-132,NO
NO240-132,NO
NO201-132,NO
NO204-132,NO
NO181-132,NO
NO182-132,NO
NO177-132,NO
NO170-132,NO
NO168-132,NO
NO173-132,NO
NO200-132,NO
relation/14022167-132,NO
NO285-132,NO
NO283-132,NO
NO282-132,NO
NO287-132,NO
NO337-132,NO
NO372-132,NO
NO377-132,NO
NO374-132,NO
NO433-132,NO
NO373-132,NO
NO16-132,NO
NO20-132,NO
NO19-132,NO
NO26-132,NO
NO24-132,NO
NO23-132,NO
NO47-132,NO
NO35-132,NO
NO33-132,NO
NO31-132,NO
NO37-132,NO
NO59-132,NO
NO54-132,NO
NO52-132,NO
NO53-132,NO
NO80-132,NO
NO78-132,NO
NO79-132,NO
NO81-132,NO
NO101-132,NO
NO102-132,NO
NO415-132,NO
NO426-132,NO
NO111-132,NO
NO105-132,NO
NO112-132,NO
NO139-132,NO
NO138-132,NO
NO145-132,NO
NO320-132,NO
NO316-132,NO
NO306-132,NO
NO325-132,NO
NO297-132,NO
NO299-132,NO
NO312-132,NO
NO313-132,NO
NO280-132,NO
NO438-132,NO
NO271-132,NO
NO108-132,NO
NO106-132,NO
NO107-132,NO
NO256-132,NO
NO326-132,NO
NO32-132,NO
NO27-132,NO
NO50-132,NO
NO376-132,NO
BE7-150,BE
BE5-150,BE
BE10-150,BE
BE1-150,BE
BE18-150,BE
way/27417716-150,BE
way/1236930261-150,FR
GB215-132,GB 13
GB416-132,GB 10
GB343-132,GB 11
GB380-150,GB 10
GB122-132,GB 20
GB113-132,GB 20
GB223-132,GB 11
GB40-132,GB 23
GB269-132,GB 14
GB25-132,GB 25
GB451-150,GB 9
GB74-132,GB 21
GB58-132,GB 23
way/1389293909-170,GB 20
GB209-132,GB 22
GB202-132,GB 22
GB204-132,GB 22
GB208-132,GB 22
GB213-132,GB 22
GB95-132,GB 21
GB154-132,GB 16
NL43-150,NL
NL44-150,NL
NO318-132,NO
NO44-132,NO
NO40-132,NO
NO41-132,NO
NO83-132,NO
way/633489248-132,NO
NO180-132,NO
NO324-132,NO
NO410-132,NO
NO327-132,NO
NO216-132,NO
NO435-132,NO
NO150-132,NO
NO436-132,NO
NO45-132,NO
DK173-132,DK
DK174-132,DK
DK124-150,DK
DK114-150,DK
way/94167590-150,DK
GB11-132,GB 27
NL26-150,NL
NL19-150,NL
way/825954426-380,BE
way/23141400-380,BE
BE29-380,BE
BE53-380,BE
BE98-380,BE
BE84-220,BE
BE135-220,BE
BE95-380,BE
way/204812413-380,BE
BE41-380,BE
way/97285747-220,BE
BE147-220,BE
way/45393856-400,DK
DK13-400,DK
DK11-400,DK
DK6-400,DK
DK106-400,DK
DK104-400,DK
way/118990858-400,DK
DK86-400,DK
DK48-400,DK
FR308-225,FR
FR405-225,FR
FR486-225,FR
FR227-225,FR
FR207-225,FR
FR312-225,FR
FR321-225,FR
FR776-225,FR
FR804-225,FR
FR355-400,FR
FR737-225,FR
FR485-400,FR
FR193-400,FR
FR221-225,FR
FR809-225,FR
FR704-400,FR
FR412-225,FR
way/229370541-225,FR
FR305-225,FR
FR570-225,FR
FR557-225,FR
FR481-225,FR
FR1054-225,FR
FR294-225,FR
FR1043-225,FR
FR375-225,FR
FR392-225,FR
FR400-225,FR
FR398-225,FR
FR410-400,FR
FR409-400,FR
FR622-225,FR
FR679-225,FR
FR473-225,FR
FR469-225,FR
way/1234916243-225,FR
FR807-225,FR
FR765-225,FR
FR767-225,FR
FR775-225,FR
FR178-400,FR
FR798-225,FR
FR716-225,FR
FR849-225,FR
FR852-225,FR
FR795-225,FR
FR800-225,FR
FR802-225,FR
FR790-225,FR
FR862-225,FR
FR868-225,FR
FR663-225,FR
FR866-225,FR
FR810-225,FR
FR806-225,FR
FR357-225,FR
FR899-225,FR
FR260-225,FR
way/589672379-225,FR
FR796-225,FR
FR201-225,FR
FR20-225,FR
way/166620444-225,FR
FR134-225,FR
FR125-225,FR
FR436-225,FR
FR23-225,FR
way/170028621-400,FR
FR81-400,FR
FR414-225,FR
FR135-225,FR
FR298-400,FR
FR959-225,FR
way/658880521-225,FR
FR196-225,FR
FR250-225,FR
FR205-225,FR
FR955-225,FR
FR354-225,FR
FR376-400,FR
FR286-225,FR
FR291-225,FR
FR404-225,FR
FR145-225,FR
FR929-225,FR
FR366-225,FR
FR482-225,FR
FR363-225,FR
FR843-225,FR
FR747-225,FR
FR132-225,FR
FR1-225,FR
FR21-225,FR
FR654-225,FR
FR123-225,FR
FR229-225,FR
FR338-225,FR
FR197-225,FR
FR1052-225,FR
FR1025-225,FR
FR496-225,FR
FR534-225,FR
FR592-225,FR
FR465-225,FR
FR682-225,FR
FR811-400,FR
FR88-225,FR
FR620-225,FR
FR343-225,FR
FR978-400,FR
FR511-225,FR
FR391-225,FR
FR5-225,FR
FR3-225,FR
FR401-225,FR
FR314-225,FR
way/207529602-225,FR
FR318-225,FR
FR282-225,FR
FR658-400,FR
FR1016-225,FR
FR1037-225,FR
FR177-225,FR
FR662-225,FR
FR659-225,FR
FR664-225,FR
FR1029-225,FR
FR801-225,FR
FR923-225,FR
FR235-225,FR
FR183-225,FR
FR353-400,FR
FR479-225,FR
FR963-225,FR
FR964-225,FR
FR4-400,FR
way/1457346332-225,FR
GB435-400,GB 2
way/115762967-400,GB 5
GB399-400,GB 10
GB159-400,GB 16
GB168-400,GB 19
GB144-400,GB 16
way/27163121-400,GB 23
GB433-400,GB 10
GB158-275,GB 15
GB389-275,GB 7
way/884174267-400,GB 7
GB372-275,GB 7
GB328-400,GB 5
GB287-275,GB 14
GB397-275,GB 5
GB217-275,GB 16
GB151-400,GB 15
GB45-400,GB 23
GB32-275,GB 24
GB90-275,GB 21
GB373-275,GB 5
GB164-400,GB 16
GB194-400,GB 13
GB250-400,GB 14
GB238-400,GB 17
GB342-400,GB 7
GB289-275,GB 14
GB384-275,GB 7
GB376-400,GB 5
GB262-275,GB 14
GB119-400,GB 20
GB233-400,GB 22
GB162-400,GB 19
GB165-400,GB 16
GB160-400,GB 16
GB190-275,GB 16
GB156-275,GB 16
GB49-275,GB 23
GB268-400,GB 14
GB198-275,GB 15
GB141-275,GB 16
GB126-275,GB 16
GB251-400,GB 13
GB252-400,GB 14
GB147-275,GB 16
GB396-275,GB 7
GB341-400,GB 5
GB390-400,GB 10
GB317-400,GB 6
GB125-400,GB 20
GB71-400,GB 21
GB283-275,GB 14
GB267-400,GB 14
GB284-275,GB 14
GB258-400,GB 14
GB423-400,GB 3
GB411-400,GB 8
GB401-400,GB 10
GB408-400,GB 5
IE9-220,IE
way/191715059-220,IE
IE15-220,IE
IE32-220,IE
IE20-220,IE
NL10-380,NL
way/720890882-380,NL
NO423-300,NO
NO85-420,NO
NO265-300,NO
NO266-300,NO
NO257-300,NO
NO407-420,NO
NO94-420,NO
NO93-420,NO
NO91-420,NO
NO437-300,NO
NO388-300,NO
NO164-420,NO
NO163-420,NO
NO333-420,NO
NO251-420,NO
relation/7821503-420,NO
way/546803770-420,NO
NO346-300,NO
way/51854396-420,NO
NO64-420,NO
NO62-420,NO
NO77-420,NO
NO315-420,NO
NO311-420,NO
NO309-420,NO
NO303-420,NO
NO304-420,NO
NO329-300,NO
NO336-300,NO
NO335-300,NO
NO328-300,NO
NO361-300,NO
NO227-300,NO
NO226-300,NO
NO234-300,NO
NO253-420,NO
NO217-420,NO
relation/11520073-420,NO
NO207-420,NO
NO202-420,NO
NO205-420,NO
NO193-420,NO
NO195-420,NO
NO184-420,NO
NO178-420,NO
NO185-420,NO
NO169-420,NO
NO301-300,NO
NO367-420,NO
NO380-300,NO
NO383-300,NO
NO381-420,NO
relation/11520250-420,NO
NO408-420,NO
NO49-420,NO
NO56-420,NO
NO75-420,NO
NO73-420,NO
NO72-420,NO
NO71-420,NO
NO74-420,NO
NO65-420,NO
NO70-420,NO
NO57-420,NO
NO84-420,NO
NO95-420,NO
NO98-420,NO
NO100-420,NO
NO289-300,NO
NO277-300,NO
NO286-300,NO
NO351-300,NO
NO419-420,NO
NO420-420,NO
NO96-420,NO
NO89-420,NO
NO428-420,NO
NO269-420,NO
NO259-420,NO
NO264-420,NO
NO255-420,NO
way/392090271-400,BE
BE4-220,BE
BE6-220,BE
BE2-220,BE
BE3-220,BE
DK20-400,DK
DK21-400,DK
DK29-220,DK
DK119-400,DK
DK153-220,DK
FR126-225,FR
FR863-225,FR
GB234-400,GB 22
way/447746257-400,GB 8
GB230-220,GB 12
GB185-254,GB 16
GB41-275,GB 23
GB2-220,GB 27
GB297-220,GB 11
GB140-220,GB 19
GB206-220,GB 13
GB3-220,GB 26
GB201-275,GB 16
GB31-220,GB 23
GB20-220,GB 25
GB6-220,GB 27
GB5-220,GB 27
IE10-220,IE
IE8-220,IE
way/920899730-380,NL
NO417-300,NO
NO416-420,NO
NO223-300,NO
BE39-380,BE
FR858-225,FR
way/147394009-225,FR
FR446-225,FR
way/207804575-225,FR
FR961-225,FR
FR909-225,FR
FR846-225,FR
FR745-225,FR
FR808-400,FR
FR284-225,FR
FR463-225,FR
FR490-225,FR
FR691-225,FR
FR877-225,FR
FR982-225,FR
FR888-225,FR
FR190-225,FR
FR161-225,FR
FR413-225,FR
FR276-225,FR
FR281-225,FR
FR332-225,FR
FR306-225,FR
FR212-225,FR
FR138-225,FR
FR179-225,FR
FR173-225,FR
FR958-225,FR
FR186-225,FR
FR536-225,FR
FR1041-225,FR
way/129795155-225,FR
FR562-225,FR
FR77-225,FR
FR124-225,FR
way/68589514-400,FR
FR52-225,FR
FR241-225,FR
GB48-400,GB 23
way/1167713593-275,GB 15
way/239248206-400,GB 27
way/1177951352-400,GB 25
GB36-400,GB 24
way/495512689-400,GB 25
way/32809758-400,GB 25
way/52980661-275,GB 26
GB117-400,GB 20
way/108557253-330,GB 5
GB38-525,GB 23
way/160580052-525,GB 16
NL52-380,NL
NL1-220,NL
NL2-220,NL
NL48-220,NL
NL47-220,NL
NL30-220,NL
NL17-220,NL
NL16-220,NL
NL42-380,NL
BE45-150,BE
BE11-150,BE
BE97-150,BE
BE128-150,BE
DK122-150,DK
DK42-150,DK
FR950-150,FR
GB427-132,GB 9
GB382-132,GB 8
GB145-132,GB 16
GB42-132,GB 23
GB333-132,GB 5
GB203-132,GB 15
GB442-132,GB 9
GB278-132,GB 11
GB404-132,GB 5
GB381-132,GB 5
GB30-132,GB 25
GB345-132,GB 5
GB300-132,GB 14
GB299-132,GB 14
GB46-132,GB 24
GB55-132,GB 23
GB422-132,GB 2
GB340-132,GB 10
GB178-132,GB 15
GB364-132,GB 5
GB37-132,GB 24
GB447-132,GB 1
GB443-132,GB 1
GB175-132,GB 15
GB406-132,GB 8
GB136-132,GB 20
GB271-132,GB 11
GB304-132,GB 7
GB16-132,GB 26
GB96-132,GB 21
GB169-132,GB 15
GB186-132,GB 15
GB10-132,GB 26
GB21-132,GB 25
GB226-132,GB 15
GB187-132,GB 15
GB68-132,GB 23
NO406-132,NO
NO42-132,NO
NO22-132,NO
NO36-132,NO
NO405-132,NO
NO90-132,NO
NO413-132,NO
NO176-132,NO
NO222-132,NO
NO246-132,NO
NO245-132,NO
NO409-132,NO
NO61-132,NO
NO209-132,NO
NO39-132,NO
NO34-132,NO
NO58-132,NO
NO55-132,NO
NO99-132,NO
NO412-132,NO
NO425-132,NO
NO110-132,NO
NO113-132,NO
NO123-132,NO
NO144-132,NO
NO332-132,NO
NO254-132,NO
BE47-150,BE
way/238858684-150,BE
way/1424655154-150,BE
DK12-150,DK
GB403-132,GB 10
GB371-150,GB 10
GB323-132,GB 11
GB123-145,GB 20
GB285-132,GB 14
GB367-150,GB 10
GB440-150,GB 9
GB14-132,GB 27
GB274-132,GB 14
GB370-132,GB 7
GB248-132,GB 14
GB124-132,GB 16
GB199-132,GB 15
GB303-132,GB 6
GB320-132,GB 11
GB437-132,GB 9
NL45-150,NL
NO321-132,NO
DK148-132,DK
DK27-150,DK
way/132620453-150,DK
DK109-132,DK
GB402-132,GB 5
GB23-132,GB 25
GB363-132,GB 5
way/87529551-400,BE
FR319-225,FR
FR448-400,FR
FR748-225,FR
FR774-225,FR
FR518-225,FR
FR36-225,FR
FR945-225,FR
FR821-225,FR
FR76-225,FR
FR952-225,FR
FR189-225,FR
FR652-225,FR
way/193292042-400,FR
FR91-225,FR
FR520-400,FR
FR358-400,FR
GB43-275,GB 23
GB413-400,GB 8
NL54-380,NL
way/167676457-380,NL
NO362-300,NO
NO358-300,NO
NO167-420,NO
NO319-420,NO
NO357-300,NO
NO228-300,NO
NO179-420,NO
NO279-300,NO
NO43-420,NO
NO429-420,NO
way/500788534-400,BE
DK102-220,DK
DK146-220,DK
DK81-400,DK
FR597-225,FR
GB237-400,GB 22
GB139-254,GB 16
GB120-220,GB 20
way/636630368-400,GB 2
GB409-275,GB 8
IE12-220,IE
NO387-300,NO
BE131-225,BE
way/99216726-400,DK
FR999-225,FR
way/92737152-400,GB 15
way/129414137-330,GB 5
way/200511209-525,GB 21
way/133323988-525,GB 26
NL32-220,NL
NL18-220,NL
way/88373135-400,BE
way/975637991,GB 29
